id,web_name,team,element_type,now_cost,minutes,goals_scored,assists,clean_sheets,goals_conceded,own_goals,penalties_saved,penalties_missed,yellow_cards,red_cards,saves,bonus,bps,influence,creativity,threat,ict_index,total_points,selected_by_percent,form,points_per_game,value_season,transfers_in,transfers_out,position
1,Fábio Vieira,1,3,5.4,0,0,0,0,0,0,0,0,0,0,0,0,0,0.0,0.0,0.0,0.0,0,0.0,0.0,0.0,0.0,439,2819,MID
2,G.Jesus,1,4,6.5,600,3,2,2,5,0,0,0,4,0,0,6,152,154.4,119.5,255.0,52.6,42,1.1,0.0,2.5,6.5,1237823,1404641,FWD
3,Gabriel,1,2,6.4,2348,3,2,10,22,0,0,0,4,0,0,9,456,583.0,208.6,287.0,108.0,116,30.4,4.4,4.3,18.1,4822972,3075853,DEF
4,Havertz,1,4,7.7,1839,9,3,7,20,0,0,0,4,0,0,14,340,467.2,257.0,701.0,142.6,96,6.0,0.0,4.6,12.5,2589026,3505281,FWD
5,Hein,1,1,4.0,0,0,0,0,0,0,0,0,0,0,0,0,0,0.0,0.0,0.0,0.0,0,0.0,0.0,0.0,0.0,0,4509,GKP
6,J.Timber,1,2,5.6,2199,1,2,10,18,0,0,0,7,0,0,8,382,351.2,270.3,227.0,84.7,101,4.9,5.6,3.9,18.0,1379524,987801,DEF
7,Jorginho,1,3,4.7,540,0,0,2,5,0,0,0,4,0,0,0,88,37.4,69.8,5.0,11.3,16,0.2,0.6,1.3,3.4,30401,48738,MID
8,Kiwior,1,2,4.8,323,0,0,1,5,0,0,0,0,0,0,0,39,49.2,13.7,0.0,6.3,13,0.2,0.0,1.6,2.7,26405,37338,DEF
9,Martinelli,1,3,6.5,1562,6,3,8,15,0,0,0,1,0,0,6,290,402.8,389.9,632.0,142.5,93,2.0,0.8,3.9,14.3,1128481,1275013,MID
12,Nwaneri,1,3,4.6,595,3,1,2,3,0,0,0,1,0,0,4,174,197.4,160.0,163.0,52.0,46,4.3,3.2,2.4,10.0,679041,220381,MID
13,Ødegaard,1,3,8.2,1724,2,4,9,13,0,0,0,3,0,0,7,357,358.8,693.5,360.0,141.5,76,5.2,3.2,3.6,9.3,1007189,2067937,MID
15,Raya,1,1,5.5,2610,0,0,11,24,0,0,0,2,0,71,9,446,615.4,0.5,0.0,61.7,117,26.1,4.8,4.0,21.3,2860607,2922888,GKP
16,Rice,1,3,6.2,2154,2,5,9,22,0,0,0,3,1,0,11,472,521.6,761.6,260.0,153.9,89,2.9,4.0,3.3,14.4,314747,685728,MID
17,Saka,1,3,10.2,1268,5,11,6,13,0,0,0,3,0,0,16,435,516.2,630.0,604.0,174.9,107,8.5,0.0,6.7,10.5,5228285,7686117,MID
18,Saliba,1,2,6.2,2364,2,0,11,20,0,0,0,2,1,0,14,466,527.2,94.5,101.0,72.5,114,22.6,5.4,4.2,18.4,2442876,4274714,DEF
20,Thomas,1,3,4.9,2185,3,3,7,22,0,0,0,4,0,0,6,456,487.4,316.1,142.0,94.9,85,0.8,1.8,3.0,17.3,292381,268356,MID
21,Tierney,1,2,4.3,77,0,0,0,0,0,0,0,0,0,0,0,23,15.8,37.7,11.0,6.5,6,0.0,0.8,1.0,1.4,5120,7423,DEF
22,Tomiyasu,1,2,4.8,6,0,0,0,0,0,0,0,0,0,0,0,2,0.4,0.3,9.0,1.0,1,0.0,0.0,1.0,0.2,1839,7916,DEF
23,Trossard,1,3,6.8,1899,4,6,9,18,0,0,0,2,1,0,10,382,405.2,503.3,544.0,144.9,100,3.1,3.0,3.4,14.7,820734,740748,MID
24,White,1,2,6.1,703,0,1,3,7,0,0,0,2,0,0,0,117,133.4,57.3,35.0,22.5,29,2.1,0.4,2.6,4.8,154104,989165,DEF
25,Zinchenko,1,2,4.8,292,0,0,2,0,0,0,0,1,0,0,0,72,25.2,33.3,39.0,9.7,19,0.9,0.4,1.9,4.0,94168,314098,DEF
73,Neto,1,1,4.1,180,0,0,0,2,0,0,0,0,0,11,0,30,77.8,0.0,0.0,7.8,7,0.7,0.0,3.5,1.7,90342,253077,GKP
186,Sterling,1,3,6.7,303,0,1,1,2,0,0,0,1,0,0,0,37,39.8,81.2,99.0,21.8,17,0.8,1.0,1.4,2.5,53262,161651,MID
578,Calafiori,1,2,5.8,921,2,1,1,12,0,0,0,4,0,0,1,133,249.6,116.2,174.0,53.9,37,1.3,0.6,2.2,6.4,245226,404906,DEF
597,Lewis-Skelly,1,3,4.5,762,1,0,4,7,0,0,0,2,2,0,0,132,119.6,89.8,39.0,24.5,22,0.3,1.0,1.6,4.9,71368,46356,MID
633,Merino,1,3,6.0,1140,5,1,4,11,0,0,0,2,0,0,5,242,327.8,210.0,391.0,92.8,68,0.8,5.8,3.2,11.3,144998,61383,MID
638,Oulad M'hand,1,3,4.5,0,0,0,0,0,0,0,0,0,0,0,0,0,0.0,0.0,0.0,0.0,0,0.0,0.0,0.0,0.0,2529,2110,MID
639,Setford,1,1,4.5,0,0,0,0,0,0,0,0,0,0,0,0,0,0.0,0.0,0.0,0.0,0,0.1,0.0,0.0,0.0,4070,4451,GKP
657,Kacurri,1,2,4.0,0,0,0,0,0,0,0,0,0,0,0,0,0,0.0,0.0,0.0,0.0,0,0.1,0.0,0.0,0.0,11257,9849,DEF
659,Kabia,1,3,4.5,0,0,0,0,0,0,0,0,0,0,0,0,0,0.0,0.0,0.0,0.0,0,0.0,0.0,0.0,0.0,2878,2347,MID
662,Nichols,1,2,4.0,0,0,0,0,0,0,0,0,0,0,0,0,0,0.0,0.0,0.0,0.0,0,0.1,0.0,0.0,0.0,5766,4275,DEF
665,Butler-Oyedeji,1,4,4.5,0,0,0,0,0,0,0,0,0,0,0,0,0,0.0,0.0,0.0,0.0,0,0.2,0.0,0.0,0.0,56923,44432,FWD
735,Arteta,1,5,1.5,0,0,0,0,0,0,0,0,0,0,0,0,0,0.0,0.0,0.0,0.0,48,3.5,5.6,0.0,32.0,112716,76531,
756,Porter,1,1,4.0,0,0,0,0,0,0,0,0,0,0,0,0,0,0.0,0.0,0.0,0.0,0,0.0,0.0,0.0,0.0,1066,406,GKP
28,Bailey,2,3,6.2,1131,1,2,2,19,0,0,0,3,0,0,2,169,144.4,234.8,323.0,69.8,46,0.8,0.4,2.0,7.4,180220,465018,MID
29,Barkley,2,3,5.2,544,3,1,1,9,0,0,0,3,0,0,5,150,203.4,115.5,185.0,50.3,40,0.2,0.0,2.5,7.7,26043,90935,MID
30,Barrenechea,2,3,4.9,0,0,0,0,0,0,0,0,0,0,0,0,0,0.0,0.0,0.0,0.0,0,0.0,0.0,0.0,0.0,872,5317,MID
31,Buendia,2,3,5.1,89,0,0,0,2,0,0,0,1,0,0,0,37,16.4,23.2,16.0,5.2,11,0.1,0.0,0.9,2.2,6966,16802,MID
32,Cash,2,2,4.4,1395,1,1,2,18,0,0,0,6,0,0,1,143,247.8,133.9,111.0,49.3,41,0.9,0.6,2.2,9.3,202887,424195,DEF
33,Dendoncker,2,3,4.5,0,0,0,0,0,0,0,0,0,0,0,0,0,0.0,0.0,0.0,0.0,0,0.2,0.0,0.0,0.0,18187,93415,MID
34,Diaby,2,3,6.5,0,0,0,0,0,0,0,0,0,0,0,0,0,0.0,0.0,0.0,0.0,0,0.0,0.0,0.0,0.0,0,3412,MID
35,Diego Carlos,2,2,4.5,828,0,0,2,15,0,0,0,1,0,0,1,69,150.6,9.2,54.0,21.5,21,0.3,0.0,2.1,4.7,50956,94404,DEF
36,Digne,2,2,4.5,2059,0,5,4,34,0,0,0,3,0,0,6,321,454.0,533.6,112.0,109.9,75,6.3,2.4,2.7,16.7,1946764,1561378,DEF
37,Dobbin,2,3,5.0,0,0,0,0,0,0,0,0,0,0,0,0,0,0.0,0.0,0.0,0.0,0,0.0,0.0,0.0,0.0,0,294,MID
38,Duran,2,4,5.7,622,7,0,2,14,0,0,0,3,1,0,9,222,273.8,68.9,334.0,67.5,53,1.7,0.0,2.6,9.3,1376643,1328789,FWD
39,Gauci,2,1,4.0,0,0,0,0,0,0,0,0,0,0,0,0,0,0.0,0.0,0.0,0.0,0,0.6,0.0,0.0,0.0,63380,72284,GKP
40,Hause,2,2,3.9,0,0,0,0,0,0,0,0,0,0,0,0,0,0.0,0.0,0.0,0.0,0,0.6,0.0,0.0,0.0,60346,70958,DEF
41,Iling Jr,2,3,5.4,0,0,0,0,0,0,0,0,0,0,0,0,0,0.0,0.0,0.0,0.0,0,0.0,0.0,0.0,0.0,342,6747,MID
42,Kamara,2,3,5.0,1077,0,0,2,18,0,0,0,2,0,0,1,179,214.4,110.7,34.0,36.1,30,0.0,0.4,1.8,6.0,8828,7686,MID
43,Kesler-Hayden,2,2,4.0,0,0,0,0,0,0,0,0,0,0,0,0,0,0.0,0.0,0.0,0.0,0,0.0,0.0,0.0,0.0,0,1658,DEF
44,Konsa,2,2,4.4,2171,1,0,3,39,0,0,0,0,0,0,6,277,379.6,84.3,88.0,55.2,59,5.0,1.8,2.4,13.4,1039356,1773446,DEF
45,Maatsen,2,2,4.5,604,0,1,0,12,0,0,0,2,0,0,0,88,141.6,228.9,112.0,48.3,24,1.2,1.0,1.1,5.3,88766,335899,DEF
46,Marschall,2,1,4.0,0,0,0,0,0,0,0,0,0,0,0,0,0,0.0,0.0,0.0,0.0,0,0.0,0.0,0.0,0.0,0,86,GKP
47,Martinez,2,1,5.0,2430,0,0,3,41,0,1,0,2,0,73,2,296,614.2,0.0,0.0,61.5,73,11.0,1.6,2.6,14.6,1423439,1700482,GKP
48,McGinn,2,3,5.2,1775,0,3,4,32,0,0,0,6,0,0,1,255,178.4,386.5,172.0,73.4,53,0.6,1.8,2.1,10.2,104420,265613,MID
49,Mings,2,2,4.4,780,0,1,2,9,0,0,0,1,0,0,5,138,178.4,35.1,51.0,26.6,31,0.1,3.0,3.1,7.0,30033,26902,DEF
50,Nedeljkovic,2,2,3.9,121,0,0,0,4,0,0,0,0,0,0,0,11,22.8,7.2,0.0,3.0,5,0.6,0.0,1.0,1.3,256190,250665,DEF
51,Olsen,2,1,4.5,180,0,0,1,4,0,0,0,0,0,5,0,21,37.0,0.0,0.0,3.7,8,0.1,1.4,2.7,1.8,11787,15984,GKP
52,Pau,2,2,4.2,1549,0,0,2,29,0,0,0,1,0,0,0,162,261.2,55.5,94.0,41.2,32,0.7,0.0,1.8,7.6,234079,323240,DEF
53,Ramsey,2,3,5.4,1245,1,3,2,23,0,0,0,1,0,0,3,208,190.8,208.4,187.0,58.6,52,0.4,2.2,2.5,9.6,102641,106005,MID
54,Rogers,2,3,5.5,2337,7,5,5,36,0,0,0,8,0,0,11,367,502.0,525.3,531.0,155.9,113,16.2,3.2,4.0,20.5,5511333,4672936,MID
55,Sinisalo,2,1,4.0,0,0,0,0,0,0,0,0,0,0,0,0,0,0.0,0.0,0.0,0.0,0,0.0,0.0,0.0,0.0,0,84,GKP
56,Sousa,2,2,4.0,0,0,0,0,0,0,0,0,0,0,0,0,0,0.0,0.0,0.0,0.0,0,0.0,0.0,0.0,0.0,0,19035,DEF
57,Tielemans,2,3,5.5,2491,2,4,4,40,0,0,1,4,0,0,9,540,629.6,813.9,220.0,166.4,85,1.2,3.8,2.9,15.5,329649,314877,MID
58,Watkins,2,4,8.9,2052,13,6,7,35,0,0,0,0,0,0,24,497,616.0,288.6,958.0,184.6,147,18.1,6.2,5.1,16.5,4398643,6050188,FWD
167,Disasi,2,2,4.2,723,1,0,3,10,0,0,0,2,0,0,0,120,154.0,64.2,50.0,26.9,30,0.5,1.6,3.0,7.1,102070,105059,DEF
233,Onana,2,3,4.8,1078,2,0,2,21,0,0,0,4,0,0,5,199,229.2,107.2,180.0,51.8,41,2.1,0.0,2.4,8.5,1442221,1477902,MID
385,Rashford,2,3,6.7,1175,4,4,5,14,0,0,0,2,0,0,8,263,314.2,360.2,254.0,93.0,74,4.8,4.0,3.7,11.0,1251172,1247659,MID
598,Bogarde,2,2,4.0,473,0,0,0,11,0,0,0,2,0,0,0,22,84.8,33.3,15.0,13.3,6,0.3,0.4,0.8,1.5,63029,54615,DEF
640,Swinkels,2,2,4.0,0,0,0,0,0,0,0,0,0,0,0,0,0,0.0,0.0,0.0,0.0,0,0.1,0.0,0.0,0.0,8500,7994,DEF
641,Zych,2,1,4.0,0,0,0,0,0,0,0,0,0,0,0,0,0,0.0,0.0,0.0,0.0,0,0.5,0.0,0.0,0.0,83434,49921,GKP
656,Young,2,3,4.4,0,0,0,0,0,0,0,0,0,0,0,0,0,0.0,0.0,0.0,0.0,0,0.2,0.0,0.0,0.0,59513,49314,MID
679,Broggio,2,3,4.5,0,0,0,0,0,0,0,0,0,0,0,0,0,0.0,0.0,0.0,0.0,0,0.0,0.0,0.0,0.0,2015,1476,MID
710,Jimoh,2,3,4.5,0,0,0,0,0,0,0,0,0,0,0,0,0,0.0,0.0,0.0,0.0,0,0.0,0.0,0.0,0.0,453,262,MID
725,Malen,2,3,5.4,168,0,0,0,3,0,0,0,0,0,0,0,21,24.2,16.2,77.0,11.7,7,0.1,1.0,1.2,1.3,27653,20769,MID
731,A. Garcia,2,2,4.5,266,0,0,0,5,0,0,0,0,0,0,0,17,31.2,50.4,7.0,8.8,6,0.1,1.0,1.2,1.3,11965,6702,DEF
737,Emery,2,5,0.8,0,0,0,0,0,0,0,0,0,0,0,0,0,0.0,0.0,0.0,0.0,36,1.5,6.4,0.0,45.0,239359,197669,
762,M.Asensio,2,3,6.1,205,2,0,0,5,0,0,0,0,0,0,3,62,85.6,57.9,85.0,22.9,19,2.1,3.8,4.8,3.1,357884,125952,MID
59,Aarons,3,2,4.3,84,0,0,1,0,0,0,0,0,0,0,0,31,13.2,3.2,0.0,1.7,8,0.1,0.0,2.7,1.9,12506,28501,DEF
60,Adams,3,3,4.9,1239,0,3,3,21,0,0,0,4,0,0,1,210,296.8,154.8,49.0,50.2,41,0.1,1.8,2.2,8.4,15251,9434,MID
61,Anthony,3,3,4.5,0,0,0,0,0,0,0,0,0,0,0,0,0,0.0,0.0,0.0,0.0,0,0.1,0.0,0.0,0.0,8381,46314,MID
62,Brooks,3,3,4.9,722,2,1,2,9,0,0,0,3,0,0,2,166,157.4,208.3,232.0,59.1,43,0.0,1.4,2.0,8.8,8473,6827,MID
63,Christie,3,3,4.9,2057,2,3,8,27,0,0,0,9,0,0,5,420,500.0,537.4,290.0,133.0,75,0.2,3.8,2.7,15.3,49454,51667,MID
64,Cook,3,3,5.0,2391,1,3,4,34,0,0,0,6,0,0,2,422,512.8,616.2,93.0,122.2,68,0.2,1.8,2.4,13.6,57732,55889,MID
65,Enes Ünal,3,4,5.4,330,2,1,2,3,0,0,0,2,0,0,4,97,104.0,56.1,207.0,35.9,32,0.1,0.0,1.9,5.9,46931,47013,FWD
66,Faivre,3,3,5.0,0,0,0,0,0,0,0,0,0,0,0,0,0,0.0,0.0,0.0,0.0,0,0.0,0.0,0.0,0.0,23,1453,MID
67,H.Traorè,3,3,4.5,0,0,0,0,0,0,0,0,0,0,0,0,0,0.0,0.0,0.0,0.0,0,0.0,0.0,0.0,0.0,3525,19297,MID
68,Hill,3,2,3.9,420,0,1,1,8,0,0,0,1,0,0,0,50,87.2,27.6,29.0,14.5,16,0.6,0.6,1.8,4.1,108833,91474,DEF
69,Jebbison,3,4,4.5,61,0,0,0,1,0,0,0,1,0,0,0,26,20.0,37.0,36.0,9.3,8,1.1,0.6,0.9,1.8,459815,540273,FWD
70,Kerkez,3,2,5.2,2537,2,6,6,36,0,0,0,4,0,0,8,420,567.6,447.6,196.0,121.1,105,18.1,3.0,3.6,20.2,2554056,609220,DEF
71,Kluivert,3,3,6.2,1934,12,6,10,26,0,0,0,6,0,0,14,494,680.4,591.6,692.0,196.6,147,35.1,4.8,5.2,23.7,4938519,1042843,MID
72,Mepham,3,2,4.4,0,0,0,0,0,0,0,0,0,0,0,0,0,0.0,0.0,0.0,0.0,0,0.0,0.0,0.0,0.0,287,6284,DEF
74,O.Dango,3,3,5.1,1510,7,4,5,17,0,0,0,1,0,0,7,367,543.4,365.1,629.0,153.5,99,4.2,2.6,3.8,19.4,766262,297408,MID
75,Paulsen,3,1,4.0,0,0,0,0,0,0,0,0,0,0,0,0,0,0.0,0.0,0.0,0.0,0,0.0,0.0,0.0,0.0,0,2961,GKP
76,Philip,3,3,4.8,176,0,0,0,4,0,0,0,1,0,0,0,52,54.0,102.4,47.0,20.4,10,0.0,0.0,1.0,2.1,6119,11141,MID
77,Scott,3,3,4.7,371,0,0,1,5,0,0,0,1,0,0,0,71,91.8,96.2,43.0,23.2,15,0.0,0.8,1.2,3.2,2857,6451,MID
78,Semenyo,3,3,5.7,2465,7,5,7,33,0,0,0,9,0,0,7,390,573.2,531.5,998.0,209.5,111,9.0,1.8,4.0,19.5,3166213,2361944,MID
79,Senesi,3,2,4.6,917,0,0,1,15,0,0,0,4,0,0,3,82,221.0,78.7,29.0,33.1,21,0.3,0.0,1.9,4.6,66758,146036,DEF
80,Sinisterra,3,3,4.8,229,1,1,0,4,0,0,0,0,0,0,2,90,112.0,115.3,195.0,42.3,23,0.1,0.8,1.9,4.8,69069,82434,MID
81,Smith,3,2,4.4,1032,0,0,3,13,0,0,0,4,0,0,0,93,116.2,62.2,8.0,18.6,34,0.1,0.0,2.0,7.7,27917,39808,DEF
83,Tavernier,3,3,5.4,1500,3,6,3,23,0,0,0,5,0,0,3,282,392.4,532.0,389.0,131.3,72,0.4,3.2,3.3,13.3,119412,108841,MID
84,Travers,3,1,4.4,450,0,0,1,5,0,0,0,0,0,20,1,76,146.4,0.0,0.0,14.6,19,0.1,0.0,3.8,4.3,19149,27434,GKP
85,Zabarnyi,3,2,4.4,2364,0,0,6,32,0,0,0,3,1,0,3,315,501.4,136.3,44.0,68.4,65,0.5,0.2,2.4,14.8,113296,109665,DEF
152,Arrizabalaga,3,1,4.6,1980,0,0,5,29,0,0,0,3,0,76,4,279,563.2,10.2,4.0,57.6,72,3.1,1.6,3.3,15.7,603315,328749,GKP
580,Huijsen,3,2,4.5,1690,2,0,5,21,0,0,0,6,0,0,11,317,563.8,156.3,145.0,86.5,71,4.7,1.2,3.1,15.8,764138,273991,DEF
592,J.Araujo,3,2,4.3,352,0,0,0,7,0,0,0,1,0,0,0,11,40.0,7.9,2.0,5.1,8,0.1,0.0,1.0,1.9,11085,24627,DEF
599,Dennis,3,1,3.9,0,0,0,0,0,0,0,0,0,0,0,0,0,0.0,0.0,0.0,0.0,0,0.3,0.0,0.0,0.0,39139,36654,GKP
617,Evanilson,3,4,5.7,1541,6,4,8,21,0,0,1,0,0,0,14,339,294.6,248.6,688.0,122.7,89,3.2,2.2,4.0,15.6,1239103,903622,FWD
680,Kinsey,3,2,4.0,0,0,0,0,0,0,0,0,0,0,0,0,0,0.0,0.0,0.0,0.0,0,0.0,0.0,0.0,0.0,6040,3911,DEF
687,Winterburn,3,3,4.5,9,0,0,0,0,0,0,0,0,0,0,0,6,0.2,0.0,0.0,0.0,2,0.0,0.0,1.0,0.4,3030,2196,MID
702,Harris,3,2,4.0,0,0,0,0,0,0,0,0,0,0,0,0,0,0.0,0.0,0.0,0.0,0,0.0,0.0,0.0,0.0,2777,1517,DEF
707,Rees-Dottin,3,4,4.5,1,0,0,0,0,0,0,0,0,0,0,0,3,0.0,0.0,0.0,0.0,1,0.1,0.0,1.0,0.2,17460,11302,FWD
712,Akinmboni,3,2,4.0,0,0,0,0,0,0,0,0,0,0,0,0,0,0.0,0.0,0.0,0.0,0,0.0,0.0,0.0,0.0,1339,706,DEF
713,Soler,3,2,3.9,0,0,0,0,0,0,0,0,0,0,0,0,0,0.0,0.0,0.0,0.0,0,0.0,0.0,0.0,0.0,2994,1276,DEF
722,Adu-Adjei,3,4,4.5,0,0,0,0,0,0,0,0,0,0,0,0,0,0.0,0.0,0.0,0.0,0,0.0,0.0,0.0,0.0,7488,3408,FWD
723,Sadi,3,3,4.5,0,0,0,0,0,0,0,0,0,0,0,0,0,0.0,0.0,0.0,0.0,0,0.0,0.0,0.0,0.0,557,283,MID
727,McKenna,3,1,4.0,0,0,0,0,0,0,0,0,0,0,0,0,0,0.0,0.0,0.0,0.0,0,0.0,0.0,0.0,0.0,967,460,GKP
728,Silcott-Duberry,3,3,4.5,1,0,0,0,0,0,0,0,0,0,0,0,5,2.0,1.0,0.0,0.3,1,0.0,0.0,1.0,0.2,421,226,MID
738,Iraola,3,5,1.1,0,0,0,0,0,0,0,0,0,0,0,0,0,0.0,0.0,0.0,0.0,29,6.7,3.2,0.0,26.4,66380,76882,
86,Ajer,4,2,4.4,1206,0,0,2,19,0,0,0,4,0,0,0,97,165.4,113.6,127.0,40.6,28,0.2,3.4,1.8,6.4,39883,60689,DEF
87,Brierley,4,3,4.4,0,0,0,0,0,0,0,0,0,0,0,0,0,0.0,0.0,0.0,0.0,0,0.1,0.0,0.0,0.0,14054,15759,MID
88,Collins,4,2,4.5,2610,2,5,5,45,0,0,0,4,0,0,5,401,791.6,119.6,248.0,116.0,90,3.0,3.6,3.1,20.0,664765,415748,DEF
89,Damsgaard,4,3,5.1,2217,2,9,8,32,0,0,0,2,0,0,10,506,628.8,808.3,286.0,172.3,108,1.9,3.6,3.7,21.2,482943,291177,MID
90,Dasilva,4,3,4.8,0,0,0,0,0,0,0,0,0,0,0,0,0,0.0,0.0,0.0,0.0,0,0.0,0.0,0.0,0.0,408,1106,MID
91,Flekken,4,1,4.4,2465,0,1,4,43,0,0,0,1,0,122,5,439,1022.6,20.3,0.0,104.0,96,10.0,5.2,3.4,21.8,1509780,1503612,GKP
92,Henry,4,2,4.3,3,0,0,0,0,0,0,0,0,0,0,0,3,1.0,0.3,0.0,0.1,1,0.0,0.0,1.0,0.2,2110,7941,DEF
93,Hickey,4,2,4.3,0,0,0,0,0,0,0,0,0,0,0,0,0,0.0,0.0,0.0,0.0,0,0.0,0.0,0.0,0.0,693,3023,DEF
94,Janelt,4,3,4.9,2098,1,3,6,36,2,0,0,3,0,0,2,361,326.8,264.0,127.0,71.8,68,0.2,2.0,2.4,13.9,112491,114385,MID
95,Jensen,4,3,5.3,728,0,1,2,14,0,0,0,1,0,0,1,138,114.4,205.9,32.0,35.5,28,0.1,0.4,1.8,5.3,8143,21383,MID
96,Ji-soo,4,2,3.9,28,0,0,0,0,0,0,0,0,0,0,0,8,5.0,0.8,0.0,0.6,3,0.3,0.2,1.0,0.8,49892,46146,DEF
97,Konak,4,3,4.4,27,0,0,0,2,0,0,0,0,0,0,0,22,7.8,3.7,3.0,1.2,7,0.1,0.4,1.0,1.6,10458,11909,MID
98,Lewis-Potter,4,3,5.0,2367,1,4,6,40,0,0,0,4,0,0,0,365,434.0,354.4,360.0,115.0,75,0.1,2.4,2.6,15.0,28868,26894,MID
99,Mbeumo,4,3,8.1,2605,15,6,6,43,0,0,0,2,0,0,24,709,927.6,824.9,788.0,254.3,179,41.6,6.0,6.2,22.1,8473067,4496276,MID
100,Mee,4,2,4.2,180,0,0,1,4,0,0,0,2,0,0,0,30,36.8,3.0,6.0,4.6,9,0.3,0.2,1.3,2.1,29854,87722,DEF
101,Nørgaard,4,3,4.8,2010,4,2,3,33,0,0,0,4,1,0,4,426,538.8,267.0,265.0,107.2,73,0.2,4.2,2.9,15.2,57580,55002,MID
102,Onyeka,4,3,4.9,23,0,0,0,0,0,0,0,0,0,0,0,3,0.0,0.5,0.0,0.0,2,0.0,0.0,1.0,0.4,648,3948,MID
103,Peart-Harris,4,3,4.5,0,0,0,0,0,0,0,0,0,0,0,0,0,0.0,0.0,0.0,0.0,0,0.0,0.0,0.0,0.0,913,4696,MID
104,Pinnock,4,2,4.4,1830,2,0,2,33,1,0,0,2,0,0,0,228,528.8,100.4,189.0,82.0,46,0.3,2.6,2.2,10.5,183353,204607,DEF
105,Roerslev,4,2,4.3,1100,0,2,2,20,0,0,0,2,0,0,0,125,214.4,185.8,78.0,48.0,36,0.1,0.0,1.9,8.4,18746,23914,DEF
106,Schade,4,3,5.1,1562,7,4,7,24,0,0,0,2,0,0,7,335,418.0,196.5,573.0,118.4,104,1.3,3.8,3.6,20.4,331562,209937,MID
107,Thiago,4,4,5.9,129,0,0,0,2,0,0,0,0,0,0,0,20,10.8,27.9,6.0,4.2,5,0.0,0.0,1.2,0.8,3789,5828,FWD
108,Toney,4,4,7.3,0,0,0,0,0,0,0,0,0,0,0,0,0,0.0,0.0,0.0,0.0,0,1.1,0.0,0.0,0.0,43376,804982,FWD
109,Valdimarsson,4,1,3.9,144,0,0,0,2,0,0,0,0,0,3,0,14,21.4,0.1,0.0,2.1,2,4.1,0.0,1.0,0.5,447075,406193,GKP
110,Wissa,4,4,6.5,2111,13,3,6,33,0,0,0,2,0,0,23,531,599.8,282.5,834.0,171.0,132,17.3,5.8,5.1,20.3,4374949,2853185,FWD
111,Yarmoliuk,4,3,4.4,781,0,0,0,17,0,0,0,3,0,0,0,162,166.6,126.8,83.0,37.6,26,2.4,0.8,1.2,5.9,554610,608049,MID
112,Zanka,4,2,4.5,0,0,0,0,0,0,0,0,0,0,0,0,0,0.0,0.0,0.0,0.0,0,0.0,0.0,0.0,0.0,0,4123,DEF
314,Carvalho,4,3,4.5,443,2,1,0,14,0,0,0,1,0,0,1,127,142.2,71.5,154.0,36.3,35,0.4,1.4,1.8,7.8,186811,285232,MID
338,Van den Berg,4,2,4.1,1774,0,1,2,37,0,0,0,1,0,0,1,148,416.8,77.7,140.0,63.6,38,1.8,0.4,1.7,9.3,631888,500714,DEF
602,Trevitt,4,3,4.4,3,0,0,0,0,0,0,0,0,0,0,0,5,2.6,0.1,0.0,0.3,1,0.0,0.0,1.0,0.2,9155,9976,MID
634,G.Nunes,4,3,4.9,0,0,0,0,0,0,0,0,0,0,0,0,0,0.0,0.0,0.0,0.0,0,0.0,0.0,0.0,0.0,461,503,MID
649,Meghoma,4,2,4.0,4,0,0,0,0,0,0,0,0,0,0,0,3,0.2,0.3,0.0,0.1,1,0.0,0.0,1.0,0.2,5922,5964,DEF
661,Yogane,4,3,4.5,0,0,0,0,0,0,0,0,0,0,0,0,0,0.0,0.0,0.0,0.0,0,0.0,0.0,0.0,0.0,2806,2578,MID
674,Maghoma,4,3,4.5,105,0,0,0,1,0,0,0,0,0,0,0,27,25.4,15.5,10.0,5.1,7,0.0,0.4,1.0,1.6,1813,1245,MID
705,Arthur,4,2,4.0,0,0,0,0,0,0,0,0,0,0,0,0,0,0.0,0.0,0.0,0.0,0,0.0,0.0,0.0,0.0,2854,1449,DEF
752,Frank,4,5,0.8,0,0,0,0,0,0,0,0,0,0,0,0,0,0.0,0.0,0.0,0.0,41,0.9,6.6,0.0,51.2,26127,21044,
757,Kayode,4,2,4.5,30,0,0,0,1,0,0,0,0,0,0,0,16,10.4,24.9,6.0,4.2,4,0.0,0.6,1.0,0.9,926,571,DEF
759,Eyestone,4,1,4.0,0,0,0,0,0,0,0,0,0,0,0,0,0,0.0,0.0,0.0,0.0,0,0.0,0.0,0.0,0.0,396,145,GKP
780,Morgan,4,4,4.5,0,0,0,0,0,0,0,0,0,0,0,0,0,0.0,0.0,0.0,0.0,0,0.0,0.0,0.0,0.0,1784,437,FWD
786,Benjamin Fredrick,4,2,4.0,0,0,0,0,0,0,0,0,0,0,0,0,0,0.0,0.0,0.0,0.0,0,0.0,0.0,0.0,0.0,37,5,DEF
113,Adingra,5,3,5.1,613,2,1,1,13,0,0,0,0,0,0,0,128,144.0,127.1,174.0,44.4,39,0.3,0.8,1.9,7.6,116942,154846,MID
114,Baker-Boaitey,5,3,4.5,0,0,0,0,0,0,0,0,0,0,0,0,0,0.0,0.0,0.0,0.0,0,0.0,0.0,0.0,0.0,0,534,MID
115,Baleba,5,3,5.0,1948,2,1,7,25,0,0,0,6,1,0,4,328,346.2,276.6,165.0,78.8,61,0.2,2.0,2.4,12.2,63982,57926,MID
116,Barco,5,2,4.0,0,0,0,0,0,0,0,0,0,0,0,0,0,0.0,0.0,0.0,0.0,0,2.1,0.0,0.0,0.0,34254,1995517,DEF
118,Cozier-Duberry,5,3,4.5,0,0,0,0,0,0,0,0,0,0,0,0,0,0.0,0.0,0.0,0.0,0,0.0,0.0,0.0,0.0,1560,13708,MID
119,Dahoud,5,3,4.9,0,0,0,0,0,0,0,0,0,0,0,0,0,0.0,0.0,0.0,0.0,0,0.0,0.0,0.0,0.0,380,2982,MID
120,Dunk,5,2,4.2,1560,0,1,4,30,1,0,0,4,0,0,0,188,332.2,100.8,79.0,51.2,38,2.4,0.0,2.0,9.0,730733,978391,DEF
122,Estupiñan,5,2,4.9,1689,1,1,2,28,0,0,0,3,0,0,6,245,365.2,432.1,105.0,90.4,51,0.9,3.0,2.3,10.4,400771,352055,DEF
124,Gilmour,5,3,5.0,97,0,0,0,1,0,0,0,0,0,0,0,21,11.4,11.9,2.0,2.5,3,0.0,0.0,1.5,0.6,2640,16610,MID
125,Gross,5,3,6.5,0,0,0,0,0,0,0,0,0,0,0,0,0,0.0,0.0,0.0,0.0,0,0.0,0.0,0.0,0.0,0,8255,MID
126,Hinshelwood,5,3,4.9,1252,2,1,5,19,0,0,0,3,0,0,5,224,207.6,150.6,112.0,47.3,50,0.1,4.5,2.9,10.2,25319,25449,MID
127,I.Osman,5,3,5.0,0,0,0,0,0,0,0,0,0,0,0,0,0,0.0,0.0,0.0,0.0,0,0.0,0.0,0.0,0.0,0,1151,MID
128,Igor,5,2,4.3,900,0,0,1,16,0,0,0,4,0,0,0,103,182.2,40.5,4.0,22.7,17,0.1,0.0,1.4,4.0,13359,20608,DEF
129,João Pedro,5,4,5.6,1698,8,6,6,21,0,0,0,4,0,0,23,441,475.2,360.7,560.0,139.0,111,14.9,7.5,4.8,19.8,5519084,5788518,FWD
130,Kozlowski,5,3,4.5,0,0,0,0,0,0,0,0,0,0,0,0,0,0.0,0.0,0.0,0.0,0,0.0,0.0,0.0,0.0,0,97,MID
131,Lamptey,5,2,4.4,762,2,2,2,20,0,0,0,0,0,0,1,99,192.0,95.1,48.0,33.6,40,0.3,2.0,3.1,9.1,88381,80609,DEF
132,March,5,3,6.5,37,0,0,0,0,0,0,0,1,0,0,0,13,9.6,5.5,6.0,2.1,3,0.0,0.5,0.8,0.5,6728,5650,MID
133,Mazilu,5,3,4.5,0,0,0,0,0,0,0,0,0,0,0,0,0,0.0,0.0,0.0,0.0,0,0.0,0.0,0.0,0.0,720,4115,MID
134,Milner,5,3,5.0,169,0,0,1,1,0,0,0,1,0,0,0,24,28.6,66.3,12.0,10.7,5,0.0,0.0,1.7,1.0,4824,10830,MID
135,Minteh,5,3,5.0,1257,5,4,3,22,0,0,0,6,0,0,6,308,414.6,326.1,448.0,119.1,76,1.9,3.0,3.2,15.2,487445,418363,MID
136,Mitoma,5,3,6.5,2312,7,4,6,33,0,0,0,1,0,0,12,425,520.0,506.2,703.0,173.1,118,9.9,3.2,4.1,18.2,2905250,2247643,MID
137,Moder,5,3,4.4,9,0,0,0,0,0,0,0,0,0,0,0,17,15.8,36.0,2.0,5.4,4,0.4,0.0,1.0,0.9,173459,172735,MID
138,O’Mahony,5,4,4.5,0,0,0,0,0,0,0,0,0,0,0,0,0,0.0,0.0,0.0,0.0,0,0.2,0.0,0.0,0.0,31158,73484,FWD
139,Offiah,5,2,4.0,0,0,0,0,0,0,0,0,0,0,0,0,0,0.0,0.0,0.0,0.0,0,0.1,0.0,0.0,0.0,2639,13636,DEF
140,Peupion,5,3,4.4,0,0,0,0,0,0,0,0,0,0,0,0,0,0.0,0.0,0.0,0.0,0,0.1,0.0,0.0,0.0,10268,11990,MID
141,Sarmiento,5,3,4.9,8,0,0,0,0,0,0,0,0,0,0,0,3,0.2,0.8,0.0,0.1,1,0.0,0.0,1.0,0.2,354,2963,MID
142,Steele,5,1,4.1,180,0,0,1,1,0,0,0,0,0,3,1,46,40.4,0.0,0.0,4.1,9,0.7,0.0,4.5,2.2,298299,343499,GKP
143,Undav,5,4,5.5,0,0,0,0,0,0,0,0,0,0,0,0,0,0.0,0.0,0.0,0.0,0,0.0,0.0,0.0,0.0,0,1473,FWD
144,Van Hecke,5,2,4.5,2330,1,1,6,34,0,0,0,5,0,0,6,350,606.0,211.1,149.0,96.7,77,1.2,4.5,2.9,17.1,290047,208805,DEF
145,Veltman,5,2,4.3,1642,0,0,6,23,0,0,0,4,0,0,7,247,269.2,143.8,59.0,47.4,58,1.3,0.0,3.1,13.5,643260,642875,DEF
146,Verbruggen,5,1,4.5,2430,0,1,6,41,0,0,0,5,0,66,5,294,622.6,10.0,0.0,63.3,82,2.9,2.8,3.0,18.2,694251,458146,GKP
147,Webster,5,2,4.3,615,0,0,3,8,0,0,0,0,0,0,0,121,155.8,41.2,31.0,22.7,26,0.1,2.8,2.4,6.0,14208,14677,DEF
148,Welbeck,5,4,5.5,1482,7,4,6,23,0,0,0,2,0,0,15,337,378.0,228.4,452.0,105.9,92,5.9,2.2,4.2,16.7,3933254,3723170,FWD
149,Wieffer,5,3,4.7,483,1,2,1,12,0,0,0,4,0,0,3,113,159.6,104.9,57.0,31.7,30,0.1,0.5,1.8,6.4,16464,21576,MID
595,Gruda,5,3,5.4,380,0,1,1,9,0,0,0,0,0,0,0,68,82.4,144.5,96.0,32.2,19,0.0,1.2,1.5,3.5,2262,4687,MID
600,Ayari,5,3,5.0,1437,0,1,6,16,0,0,0,3,0,0,0,241,236.6,399.3,171.0,80.6,47,0.0,2.5,1.9,9.4,6165,6052,MID
601,Moran,5,3,5.0,0,0,0,0,0,0,0,0,0,0,0,0,0,0.0,0.0,0.0,0.0,0,0.0,0.0,0.0,0.0,24,533,MID
615,Rushworth,5,1,3.9,0,0,0,0,0,0,0,0,0,0,0,0,0,0.0,0.0,0.0,0.0,0,0.1,0.0,0.0,0.0,9608,8622,GKP
618,Georginio,5,3,5.1,1651,5,6,6,29,0,0,0,2,0,0,1,288,355.4,281.8,404.0,103.0,95,0.6,5.0,3.4,18.6,356398,305153,MID
628,F.Kadıoğlu,5,2,4.4,385,1,0,2,8,0,0,0,1,0,0,0,59,116.4,83.7,40.0,24.0,19,0.1,0.0,3.2,4.3,73943,71748,DEF
629,O'Riley,5,3,5.5,468,1,1,2,11,1,0,0,1,0,0,2,113,107.6,156.7,113.0,37.7,25,0.0,0.0,2.1,4.5,18135,16554,MID
663,Samuels,5,2,4.0,0,0,0,0,0,0,0,0,0,0,0,0,0,0.0,0.0,0.0,0.0,0,0.0,0.0,0.0,0.0,5264,5026,DEF
668,Cahill,5,1,3.9,0,0,0,0,0,0,0,0,0,0,0,0,0,0.0,0.0,0.0,0.0,0,1.1,0.0,0.0,0.0,181041,73559,GKP
681,McConville,5,2,4.0,0,0,0,0,0,0,0,0,0,0,0,0,0,0.0,0.0,0.0,0.0,0,0.0,0.0,0.0,0.0,1473,1466,DEF
685,Slater,5,2,4.0,0,0,0,0,0,0,0,0,0,0,0,0,0,0.0,0.0,0.0,0.0,0,0.0,0.0,0.0,0.0,2163,1574,DEF
714,Gómez,5,3,5.5,251,0,0,0,7,0,0,0,0,0,0,0,51,50.6,59.1,11.0,12.1,9,0.0,1.5,1.3,1.6,1744,881,MID
739,Hürzeler,5,5,1.1,0,0,0,0,0,0,0,0,0,0,0,0,0,0.0,0.0,0.0,0.0,54,2.9,8.2,0.0,49.1,58837,25908,
758,Knight,5,3,4.5,0,0,0,0,0,0,0,0,0,0,0,0,0,0.0,0.0,0.0,0.0,0,0.0,0.0,0.0,0.0,372,164,MID
763,Cashin,5,2,4.5,0,0,0,0,0,0,0,0,0,0,0,0,0,0.0,0.0,0.0,0.0,0,0.0,0.0,0.0,0.0,1241,539,DEF
150,Andrey Santos,6,3,4.5,0,0,0,0,0,0,0,0,0,0,0,0,0,0.0,0.0,0.0,0.0,0,0.0,0.0,0.0,0.0,0,630,MID
151,Ângelo,6,3,4.5,0,0,0,0,0,0,0,0,0,0,0,0,0,0.0,0.0,0.0,0.0,0,0.1,0.0,0.0,0.0,5940,30353,MID
153,B.Badiashile,6,2,4.2,332,0,0,0,5,0,0,0,0,0,0,0,35,66.0,12.6,0.0,7.9,7,0.1,0.5,1.4,1.7,12182,21567,DEF
154,Bergström,6,1,3.9,0,0,0,0,0,0,0,0,0,0,0,0,0,0.0,0.0,0.0,0.0,0,0.3,0.0,0.0,0.0,24088,24565,GKP
155,Bettinelli,6,1,3.9,0,0,0,0,0,0,0,0,0,0,0,0,0,0.0,0.0,0.0,0.0,0,0.4,0.0,0.0,0.0,32831,32118,GKP
157,Caicedo,6,3,4.9,2541,1,3,7,36,0,0,0,9,0,0,3,477,488.4,445.9,74.0,100.8,73,1.0,2.2,2.5,14.9,282792,274094,MID
158,Casadei,6,3,4.4,0,0,0,0,0,0,0,0,0,0,0,0,0,0.0,0.0,0.0,0.0,0,0.1,0.0,0.0,0.0,23729,30486,MID
159,Chalobah,6,2,4.4,1355,3,1,3,20,0,0,0,1,0,0,8,259,374.8,89.5,164.0,63.1,67,0.8,0.5,3.7,15.2,245143,195341,DEF
161,Chukwuemeka,6,3,4.7,0,0,0,0,0,0,0,0,0,0,0,0,0,0.0,0.0,0.0,0.0,0,0.0,0.0,0.0,0.0,4843,8714,MID
162,Colwill,6,2,4.4,2430,1,1,6,35,0,0,0,7,0,0,3,317,534.0,179.8,101.0,81.7,72,3.6,5.5,2.7,16.4,1051402,776654,DEF
163,Cucurella,6,2,5.2,2255,4,2,5,32,0,0,0,6,1,0,9,365,479.6,272.8,248.0,100.2,93,9.3,8.2,3.4,17.9,1525196,1241364,DEF
164,D.D.Fofana,6,4,5.4,0,0,0,0,0,0,0,0,0,0,0,0,0,0.0,0.0,0.0,0.0,0,0.1,0.0,0.0,0.0,4727,15307,FWD
165,Deivid,6,4,4.9,0,0,0,0,0,0,0,0,0,0,0,0,0,0.0,0.0,0.0,0.0,0,0.1,0.0,0.0,0.0,17623,22919,FWD
166,Dewsbury-Hall,6,3,5.5,193,0,1,0,3,0,0,0,0,0,0,1,49,40.2,36.0,19.0,9.5,14,0.1,0.5,1.6,2.5,7673,27590,MID
168,Enzo,6,3,4.7,2136,4,6,5,31,0,0,0,6,0,0,6,494,554.6,861.0,373.0,179.2,93,4.1,4.5,3.4,19.8,1637897,1404166,MID
169,Gallagher,6,3,5.9,0,0,0,0,0,0,0,0,0,0,0,0,0,0.0,0.0,0.0,0.0,0,0.1,0.0,0.0,0.0,1567,72724,MID
170,Gilchrist,6,2,4.0,0,0,0,0,0,0,0,0,0,0,0,0,0,0.0,0.0,0.0,0.0,0,0.0,0.0,0.0,0.0,0,7494,DEF
171,Gusto,6,2,4.9,1545,0,1,2,24,0,0,0,3,0,0,0,187,263.2,271.5,123.0,65.9,41,1.4,2.0,1.7,8.4,340828,532475,DEF
172,James,6,2,4.8,678,1,1,0,12,0,0,0,1,0,0,1,109,136.8,134.4,17.0,28.9,24,0.9,0.8,2.2,5.0,212092,144042,DEF
173,Kellyman,6,3,4.3,0,0,0,0,0,0,0,0,0,0,0,0,0,0.0,0.0,0.0,0.0,0,0.1,0.0,0.0,0.0,13684,10920,MID
174,Lavia,6,3,4.5,538,0,1,1,10,0,0,0,4,0,0,0,84,91.2,100.5,5.0,19.8,16,0.4,0.2,1.5,3.6,188992,262409,MID
175,Lukaku,6,4,6.3,0,0,0,0,0,0,0,0,0,0,0,0,0,0.0,0.0,0.0,0.0,0,0.2,0.0,0.0,0.0,8049,61636,FWD
176,M.Sarr,6,2,4.5,0,0,0,0,0,0,0,0,0,0,0,0,0,0.0,0.0,0.0,0.0,0,0.0,0.0,0.0,0.0,0,457,DEF
177,Madueke,6,3,6.0,1449,7,4,3,23,0,0,0,3,0,0,12,338,416.8,353.7,801.0,157.2,100,3.2,0.0,4.3,16.7,2461898,2351898,MID
178,Marc Guiu,6,4,4.7,71,0,0,0,2,0,0,0,0,0,0,0,11,4.4,11.8,6.0,2.2,3,0.5,0.0,1.0,0.6,112984,157615,FWD
179,Mudryk,6,3,6.1,145,0,0,0,2,0,0,0,0,0,0,0,26,23.2,31.5,31.0,8.5,7,0.2,0.0,1.0,1.1,18323,43481,MID
180,N.Jackson,6,4,7.7,1735,9,6,8,19,0,0,0,5,0,0,15,402,501.8,318.7,854.0,167.8,108,6.3,0.0,4.7,14.0,5240525,5003474,FWD
181,Nkunku,6,3,5.7,856,3,2,2,16,0,0,0,2,0,0,5,193,229.2,189.9,328.0,74.6,58,2.8,4.5,2.3,10.2,417706,1672623,MID
182,Palmer,6,3,10.9,2442,14,8,6,35,0,0,1,4,0,0,31,785,881.0,1006.0,844.0,273.4,181,52.9,1.5,6.5,16.6,6818463,5099119,MID
183,Petrović,6,1,4.4,0,0,0,0,0,0,0,0,0,0,0,0,0,0.0,0.0,0.0,0.0,0,0.2,0.0,0.0,0.0,2753,64655,GKP
184,Renato Veiga,6,3,4.4,176,0,0,1,2,0,0,0,2,0,0,0,22,30.4,9.2,19.0,5.9,7,0.1,0.0,1.0,1.6,41967,45139,MID
185,Sánchez,6,1,4.5,2070,0,0,5,28,0,1,0,5,0,78,9,315,605.0,10.0,0.0,61.4,86,6.8,3.0,3.7,19.1,2229515,1890050,GKP
187,Tosin,6,2,4.2,1086,1,1,4,12,0,0,0,2,0,0,4,210,280.2,43.6,84.0,41.1,50,0.5,4.5,3.1,11.9,89917,66346,DEF
189,W.Fofana,6,2,4.3,1172,0,0,2,13,0,0,0,7,0,0,2,162,200.2,85.0,33.0,31.9,26,0.3,1.8,1.9,6.0,85031,106826,DEF
386,Sancho,6,3,6.2,1424,2,5,4,22,0,0,0,1,0,0,3,304,262.8,406.7,299.0,96.7,68,1.0,2.2,3.0,11.0,499310,477445,MID
560,Neto,6,3,6.3,1524,3,4,4,19,0,0,0,7,0,0,5,271,323.6,480.0,360.0,116.4,69,2.2,5.0,2.7,11.0,490448,380413,MID
575,Wiley,6,2,4.0,0,0,0,0,0,0,0,0,0,0,0,0,0,0.0,0.0,0.0,0.0,0,0.0,0.0,0.0,0.0,0,3873,DEF
581,Jørgensen,6,1,4.2,540,0,0,1,9,0,0,0,0,0,20,0,59,157.6,0.0,0.0,15.9,18,0.9,2.0,3.0,4.3,120136,63826,GKP
621,João Félix,6,3,5.9,362,1,2,1,4,0,0,0,2,0,0,0,90,88.0,95.4,141.0,32.3,24,0.4,0.0,2.0,4.1,163911,169792,MID
695,Rak-Sakyi,6,3,4.5,0,0,0,0,0,0,0,0,0,0,0,0,0,0.0,0.0,0.0,0.0,0,0.0,0.0,0.0,0.0,494,345,MID
696,George,6,3,4.5,84,0,1,0,0,0,0,0,1,0,0,0,25,32.0,60.9,23.0,11.5,7,0.0,1.5,1.4,1.6,1674,835,MID
697,Acheampong,6,2,4.0,168,0,0,0,3,0,0,0,1,0,0,0,8,13.6,2.5,13.0,2.9,4,0.1,0.2,1.0,1.0,12546,7778,DEF
740,Maresca,6,5,1.5,0,0,0,0,0,0,0,0,0,0,0,0,0,0.0,0.0,0.0,0.0,31,1.9,5.5,0.0,20.7,65466,33231,
771,Amougou,6,3,4.5,7,0,0,0,0,0,0,0,0,0,0,0,2,1.0,0.9,0.0,0.2,1,0.0,0.2,1.0,0.2,247,91,MID
774,Anselmino,6,2,4.0,0,0,0,0,0,0,0,0,0,0,0,0,0,0.0,0.0,0.0,0.0,0,0.0,0.0,0.0,0.0,237,103,DEF
781,Mheuka,6,4,4.5,1,0,0,0,0,0,0,0,0,0,0,0,5,3.0,0.0,17.0,2.0,1,0.0,0.2,1.0,0.2,3039,901,FWD
782,Samuels-Smith,6,2,4.0,0,0,0,0,0,0,0,0,0,0,0,0,0,0.0,0.0,0.0,0.0,0,0.0,0.0,0.0,0.0,102,34,DEF
787,Genesis Antwi,6,2,4.0,0,0,0,0,0,0,0,0,0,0,0,0,0,0.0,0.0,0.0,0.0,0,0.0,0.0,0.0,0.0,23,8,DEF
11,Nketiah,7,4,5.9,698,1,2,2,11,0,0,0,3,0,0,1,130,112.2,134.7,318.0,56.1,35,1.0,2.2,1.8,5.9,297913,246181,FWD
160,Chilwell,7,2,4.6,49,0,0,0,1,0,0,0,1,0,0,0,10,17.0,15.6,9.0,4.2,2,0.5,0.5,0.7,0.4,50021,103857,DEF
190,Ahamada,7,3,4.5,0,0,0,0,0,0,0,0,0,0,0,0,0,0.0,0.0,0.0,0.0,0,0.1,0.0,0.0,0.0,6178,34892,MID
193,C.Doucouré,7,3,4.9,443,0,1,1,6,0,0,0,1,0,0,0,71,58.6,25.7,23.0,10.8,19,0.0,0.0,1.5,3.9,12853,19788,MID
194,C.Richards,7,2,4.4,1336,0,1,6,17,0,0,0,2,0,0,2,217,310.6,36.0,97.0,44.5,53,0.2,4.8,3.1,12.0,25493,24075,DEF
195,Chadi Riad,7,2,4.3,90,0,0,0,2,0,0,0,0,0,0,0,3,18.2,1.3,0.0,2.0,1,0.0,0.0,1.0,0.2,2476,14185,DEF
196,Clyne,7,2,4.3,392,0,0,1,9,0,0,0,1,0,0,0,42,56.8,36.6,5.0,9.7,16,0.1,0.0,1.5,3.7,9284,14607,DEF
197,Ebiowei,7,3,4.5,0,0,0,0,0,0,0,0,0,0,0,0,0,0.0,0.0,0.0,0.0,0,0.0,0.0,0.0,0.0,0,478,MID
199,Eze,7,3,6.7,1925,2,6,8,20,0,0,0,1,0,0,6,387,416.8,705.4,513.0,163.4,86,7.8,3.0,3.6,12.8,1552318,4017726,MID
200,Guéhi,7,2,4.7,2430,3,2,9,32,2,0,0,7,0,0,10,417,704.6,149.1,176.0,102.9,101,8.6,4.0,3.7,21.5,1205980,1018555,DEF
201,Henderson,7,1,4.6,2520,0,0,9,33,0,1,0,3,0,79,6,371,645.0,10.0,4.0,65.7,106,13.2,5.0,3.8,23.0,1500191,1751811,GKP
202,Holding,7,2,4.2,0,0,0,0,0,0,0,0,0,0,0,0,0,0.0,0.0,0.0,0.0,0,0.1,0.0,0.0,0.0,3729,10121,DEF
203,Hughes,7,3,4.9,1636,0,4,7,22,0,0,0,10,0,0,3,237,289.6,390.2,73.0,75.3,53,0.0,1.8,2.2,10.8,12809,14698,MID
205,Kamada,7,3,5.1,972,0,0,3,16,0,0,0,2,1,0,0,141,149.6,224.1,105.0,48.1,32,0.1,1.0,1.3,6.3,15258,60980,MID
206,Lerma,7,3,4.8,1538,0,0,5,19,0,0,0,5,0,0,0,209,242.0,136.0,165.0,54.1,38,0.0,1.8,1.7,7.9,8597,11789,MID
207,Mateta,7,4,7.5,2129,12,2,7,28,0,0,0,2,0,0,22,485,568.6,357.0,628.0,155.2,123,5.5,5.0,4.6,16.4,1987600,2030914,FWD
208,M.França,7,3,4.4,0,0,0,0,0,0,0,0,0,0,0,0,0,0.0,0.0,0.0,0.0,0,0.2,0.0,0.0,0.0,123055,116773,MID
209,Matthews,7,1,3.9,0,0,0,0,0,0,0,0,0,0,0,0,0,0.0,0.0,0.0,0.0,0,0.5,0.0,0.0,0.0,37132,80063,GKP
210,Mitchell,7,2,4.8,2399,0,4,10,31,0,0,0,2,0,0,4,382,490.0,464.7,127.0,108.5,97,2.0,4.8,3.5,20.2,286570,326894,DEF
211,Muñoz,7,2,5.0,2344,3,5,9,28,0,0,0,7,0,0,7,396,598.0,456.2,397.0,145.1,112,15.1,6.0,4.1,22.4,2110091,875625,DEF
212,Ozoh,7,3,4.5,0,0,0,0,0,0,0,0,0,0,0,0,0,0.0,0.0,0.0,0.0,0,0.0,0.0,0.0,0.0,0,313,MID
213,Rak-Sakyi,7,3,4.5,0,0,0,0,0,0,0,0,0,0,0,0,0,0.0,0.0,0.0,0.0,0,0.0,0.0,0.0,0.0,755,19668,MID
214,Schlupp,7,3,4.6,95,0,0,0,3,0,0,0,0,0,0,0,43,22.8,42.9,46.0,11.0,12,0.0,0.0,1.0,2.6,10674,18045,MID
215,Ward,7,2,4.3,0,0,0,0,0,0,0,0,0,0,0,0,0,0.0,0.0,0.0,0.0,0,0.1,0.0,0.0,0.0,4348,13732,DEF
216,Wharton,7,3,4.7,840,0,0,2,11,0,0,0,1,0,0,0,155,182.2,280.2,54.0,51.7,22,0.1,1.5,1.7,4.7,20373,55251,MID
445,Turner,7,1,3.9,0,0,0,0,0,0,0,0,0,0,0,0,0,0.0,0.0,0.0,0.0,0,8.8,0.0,0.0,0.0,309628,1194372,GKP
585,I.Sarr,7,3,5.6,1927,7,4,8,23,0,0,0,3,0,0,12,420,512.6,440.3,684.0,163.7,113,3.6,7.8,4.0,20.2,1133968,789395,MID
644,Umeh-Chibueze,7,3,4.4,0,0,0,0,0,0,0,0,0,0,0,0,0,0.0,0.0,0.0,0.0,0,0.0,0.0,0.0,0.0,7506,5761,MID
645,Devenny,7,3,4.5,311,1,0,0,4,0,0,0,0,0,0,1,84,87.4,74.2,45.0,20.9,22,0.1,0.8,1.6,4.9,40768,32035,MID
646,Agbinone,7,3,4.5,4,0,0,0,0,0,0,0,0,0,0,0,4,4.0,10.6,1.0,1.5,2,0.0,0.0,1.0,0.4,9074,7813,MID
647,Rodney,7,3,4.5,0,0,0,0,0,0,0,0,0,0,0,0,0,0.0,0.0,0.0,0.0,0,0.0,0.0,0.0,0.0,4558,3741,MID
650,Lacroix,7,2,4.5,2245,1,2,9,28,0,0,0,4,0,0,9,377,526.8,62.9,208.0,79.7,93,1.0,4.5,3.7,20.7,162910,70407,DEF
666,Kporha,7,2,4.0,11,0,0,0,1,0,0,0,0,0,0,0,1,8.0,4.6,0.0,1.3,2,0.0,0.0,1.0,0.5,5375,4527,DEF
676,Marsh,7,4,4.5,0,0,0,0,0,0,0,0,0,0,0,0,0,0.0,0.0,0.0,0.0,0,0.3,0.0,0.0,0.0,86069,63790,FWD
730,Esse,7,3,4.7,8,1,0,0,0,0,0,0,0,0,0,2,28,35.2,0.3,35.0,7.1,9,0.1,0.2,4.5,1.9,20795,13571,MID
741,Glasner,7,5,0.8,0,0,0,0,0,0,0,0,0,0,0,0,0,0.0,0.0,0.0,0.0,61,9.5,12.5,0.0,76.2,169746,43501,
156,Broja,8,4,5.3,166,0,0,0,2,0,0,0,1,0,0,0,10,12.8,28.9,31.0,6.6,6,0.0,0.2,1.0,1.1,10535,17051,FWD
217,A.Doucoure,8,3,5.1,1980,2,1,9,27,0,0,0,2,1,0,2,239,244.2,303.8,237.0,78.1,67,0.5,3.2,2.7,13.1,99417,97169,MID
218,Beto,8,4,5.1,920,6,0,2,17,0,0,0,1,0,0,9,217,277.8,88.0,447.0,80.5,62,7.9,4.0,3.0,12.2,1132132,312196,FWD
219,Branthwaite,8,2,4.8,1806,0,1,7,20,0,0,0,3,0,0,3,320,465.6,41.6,87.0,59.5,67,1.7,1.8,3.0,14.0,216739,280565,DEF
220,Calvert-Lewin,8,4,5.4,1571,3,2,8,17,0,0,0,2,0,0,3,147,191.0,124.7,527.0,83.6,59,1.1,0.0,2.7,10.9,1018713,1129657,FWD
221,Coleman,8,2,4.3,196,0,0,0,4,0,0,0,1,0,0,0,9,38.0,1.9,21.0,6.2,3,0.0,0.0,1.0,0.7,5109,8218,DEF
222,Gana,8,3,4.8,2266,0,3,8,33,0,0,0,6,0,0,5,390,411.8,266.5,100.0,77.8,70,0.4,2.8,2.5,14.6,110462,79651,MID
223,Garner,8,3,4.9,858,0,1,2,12,0,0,0,3,0,0,0,131,156.4,158.7,34.0,34.7,24,0.0,1.6,2.0,4.9,2970,3983,MID
224,Harrison,8,3,5.2,1498,1,2,4,22,0,0,0,0,0,0,3,207,215.6,391.0,238.0,83.8,58,0.2,4.2,2.3,11.2,33848,33541,MID
225,Holgate,8,2,4.0,5,0,0,0,1,0,0,0,0,0,0,0,-1,0.0,0.0,0.0,0.0,1,0.1,0.0,1.0,0.2,11786,51550,DEF
226,Iroegbunam,8,3,4.3,468,0,1,0,13,0,0,0,3,0,0,0,64,99.4,39.6,32.0,17.2,17,0.8,0.8,1.3,4.0,263592,219490,MID
227,J.Virginia,8,1,3.9,0,0,0,0,0,0,0,0,0,0,0,0,0,0.0,0.0,0.0,0.0,0,0.6,0.0,0.0,0.0,64841,71493,GKP
228,Keane,8,2,3.9,812,2,0,2,17,0,0,0,4,0,0,3,87,221.6,22.9,84.0,33.0,33,4.1,0.0,3.3,8.5,1504860,1324633,DEF
229,Maupay,8,4,4.9,0,0,0,0,0,0,0,0,0,0,0,0,0,0.0,0.0,0.0,0.0,0,0.2,0.0,0.0,0.0,20402,164281,FWD
230,McNeil,8,3,5.1,1140,3,5,4,21,0,0,0,1,0,0,6,299,287.4,547.4,169.0,100.5,65,1.2,0.0,5.0,12.7,1711653,1723708,MID
231,Mykolenko,8,2,4.4,2362,0,2,8,32,0,0,0,2,0,0,6,312,439.0,317.8,66.0,82.4,85,8.8,2.6,3.1,19.3,1285546,1191303,DEF
232,Ndiaye,8,4,5.2,1874,6,0,11,20,0,0,0,3,0,0,15,393,449.4,279.4,333.0,106.5,81,0.9,0.0,3.4,15.6,992386,925958,FWD
234,Patterson,8,2,4.4,124,0,0,0,2,0,0,0,0,0,0,0,28,28.0,36.9,8.0,7.3,7,0.0,0.0,1.0,1.6,2367,3816,DEF
235,Pickford,8,1,5.1,2610,0,1,9,36,0,2,0,6,0,85,10,433,775.6,20.3,0.0,79.4,116,18.6,2.2,4.0,22.7,2104547,1718832,GKP
236,Tarkowski,8,2,4.9,2601,1,1,9,36,0,0,0,4,0,0,7,408,763.6,164.2,192.0,112.5,95,3.7,1.8,3.3,19.4,554636,380127,DEF
237,Y. Chermiti,8,4,4.9,11,0,0,0,0,0,0,0,1,0,0,0,2,2.2,0.3,22.0,2.5,0,0.0,0.0,0.0,0.0,4149,4670,FWD
238,Young,8,2,4.4,1551,1,4,7,22,0,0,0,6,1,0,8,271,363.4,279.2,46.0,69.1,80,1.9,1.0,3.2,18.2,668458,514032,DEF
450,Alcaraz,8,3,4.9,323,1,1,0,3,0,0,0,2,0,0,3,97,111.2,136.6,127.0,37.6,19,0.1,3.4,2.7,3.9,14438,16623,MID
577,Lindstrøm,8,3,5.0,1229,0,1,6,14,0,0,0,2,0,0,0,167,214.2,309.6,237.0,76.0,44,0.1,2.2,1.8,8.8,12447,20094,MID
582,O'Brien,8,2,4.5,848,2,0,2,10,0,0,0,3,0,0,4,137,241.8,101.3,81.0,42.5,40,0.3,4.8,3.3,8.9,29352,34628,DEF
603,Armstrong,8,3,4.4,47,0,0,0,1,0,0,0,1,0,0,0,1,1.8,10.9,9.0,2.2,2,0.1,0.0,0.7,0.5,35572,39060,MID
614,Metcalfe,8,3,4.5,0,0,0,0,0,0,0,0,0,0,0,0,0,0.0,0.0,0.0,0.0,0,0.0,0.0,0.0,0.0,777,1075,MID
624,Begovic,8,1,4.0,0,0,0,0,0,0,0,0,0,0,0,0,0,0.0,0.0,0.0,0.0,0,0.2,0.0,0.0,0.0,41125,24810,GKP
627,Dixon,8,2,4.0,90,0,0,0,4,0,0,0,0,0,0,0,0,15.4,0.3,0.0,1.6,0,0.1,0.0,0.0,0.0,12063,10877,DEF
651,Mangala,8,3,5.0,1257,1,0,5,10,0,0,0,2,0,0,0,175,172.8,133.5,106.0,41.4,39,0.0,0.0,2.1,7.8,4913,5031,MID
678,Bates,8,3,4.5,0,0,0,0,0,0,0,0,0,0,0,0,0,0.0,0.0,0.0,0.0,0,0.0,0.0,0.0,0.0,2498,1933,MID
724,Sherif,8,4,4.5,0,0,0,0,0,0,0,0,0,0,0,0,0,0.0,0.0,0.0,0.0,0,0.1,0.0,0.0,0.0,15989,7546,FWD
742,Moyes,8,5,0.5,0,0,0,0,0,0,0,0,0,0,0,0,0,0.0,0.0,0.0,0.0,66,11.8,5.0,0.0,132.0,77041,296554,
773,Heath,8,3,4.5,0,0,0,0,0,0,0,0,0,0,0,0,0,0.0,0.0,0.0,0.0,0,0.0,0.0,0.0,0.0,133,50,MID
775,Coby Ebere,8,3,4.5,0,0,0,0,0,0,0,0,0,0,0,0,0,0.0,0.0,0.0,0.0,0,0.0,0.0,0.0,0.0,119,44,MID
10,Nelson,9,3,5.0,483,1,1,1,9,0,0,0,1,0,0,2,143,131.6,223.9,195.0,55.1,27,0.0,0.0,2.2,5.4,16009,18465,MID
19,Smith Rowe,9,3,5.1,1722,5,2,7,23,0,0,0,1,0,0,13,366,349.8,329.5,326.0,100.6,95,8.2,3.0,3.7,18.6,3618840,4448081,MID
191,Andersen,9,2,4.2,1863,0,0,4,31,1,0,0,5,1,0,3,224,424.6,66.7,80.0,57.3,41,3.7,1.8,2.0,9.8,255297,1665965,DEF
239,Adama,9,3,4.6,1396,2,5,3,20,0,0,0,2,0,0,6,302,308.8,482.1,382.0,117.4,73,1.5,3.2,2.7,15.9,819004,742457,MID
240,Andreas,9,3,4.9,1570,2,6,5,21,0,0,1,7,0,0,2,322,308.6,702.2,250.0,125.9,70,0.9,3.2,2.7,14.3,147613,431613,MID
241,Bassey,9,2,4.5,2444,1,0,5,35,0,0,0,5,0,0,0,330,465.4,68.9,147.0,68.1,67,0.6,3.4,2.4,14.9,105745,89118,DEF
242,Benda,9,1,3.9,0,0,0,0,0,0,0,0,0,0,0,0,0,0.0,0.0,0.0,0.0,0,0.4,0.0,0.0,0.0,29983,38488,GKP
243,Cairney,9,3,4.8,424,1,0,1,8,0,0,0,2,1,0,0,135,103.8,160.1,34.0,29.8,22,0.0,0.4,1.2,4.6,4303,6590,MID
244,Castagne,9,2,4.2,1337,0,1,3,21,0,0,0,1,0,0,0,182,289.0,154.7,117.0,56.2,41,1.6,2.4,2.2,9.8,228916,332899,DEF
245,Diop,9,2,4.4,1258,0,0,1,17,1,0,0,2,0,0,0,138,245.4,43.2,81.0,36.7,30,0.2,0.8,1.5,6.8,29431,37219,DEF
246,Harris,9,3,4.5,0,0,0,0,0,0,0,0,0,0,0,0,0,0.0,0.0,0.0,0.0,0,0.0,0.0,0.0,0.0,0,975,MID
247,Iwobi,9,3,5.6,2360,7,4,6,32,0,0,0,1,0,0,12,538,624.4,748.8,558.0,193.2,120,4.8,2.6,4.1,21.4,1819362,1402554,MID
248,Leno,9,1,5.0,2610,0,2,5,38,0,0,0,3,0,82,5,390,708.8,20.0,0.0,72.8,94,2.6,4.2,3.2,18.8,450065,477018,GKP
249,Lukić,9,3,4.8,1742,0,2,3,28,0,0,0,10,0,0,1,265,276.2,358.0,79.0,71.3,42,0.0,1.0,1.9,8.8,7780,10251,MID
250,Mbabu,9,2,4.0,0,0,0,0,0,0,0,0,0,0,0,0,0,0.0,0.0,0.0,0.0,0,0.1,0.0,0.0,0.0,8149,44739,DEF
251,Muniz,9,4,5.5,799,6,1,2,14,0,0,0,1,0,0,13,286,282.2,93.4,399.0,77.2,73,1.5,3.8,2.6,13.3,815416,1332441,FWD
252,Raúl,9,4,5.5,1830,10,3,7,25,0,0,0,3,0,0,20,426,495.8,256.7,846.0,159.6,118,7.6,3.6,4.1,21.5,3380312,2655572,FWD
253,Ream,9,2,4.5,0,0,0,0,0,0,0,0,0,0,0,0,0,0.0,0.0,0.0,0.0,0,0.0,0.0,0.0,0.0,0,1224,DEF
254,Reed,9,3,4.7,71,0,0,0,3,0,0,0,2,0,0,0,26,12.4,20.5,26.0,5.8,8,0.0,0.4,0.8,1.7,2963,5817,MID
255,Robinson,9,2,5.0,2538,0,10,5,37,0,0,0,7,0,0,8,433,757.8,608.4,178.0,154.6,98,23.5,2.0,3.4,19.6,3834443,2254622,DEF
256,Stansfield,9,4,5.0,1,0,0,0,0,0,0,0,0,0,0,0,2,0.0,0.0,0.0,0.0,1,0.0,0.0,1.0,0.2,4673,12091,FWD
257,Tete,9,2,4.4,1262,0,2,2,17,0,0,0,3,0,0,0,152,258.8,120.9,115.0,49.4,37,0.2,0.0,2.5,8.4,56266,70419,DEF
258,Vinicius,9,4,5.0,3,0,0,0,0,0,0,0,0,0,0,0,6,4.0,0.0,19.0,2.3,1,0.3,0.0,1.0,0.2,55958,96349,FWD
259,Wilson,9,3,5.2,829,5,2,2,13,0,0,0,2,0,0,6,242,252.4,259.1,298.0,80.1,63,0.2,0.0,3.3,12.1,185627,190162,MID
579,Sessegnon,9,2,4.1,92,2,0,0,2,0,0,0,0,0,0,0,47,86.4,26.4,57.0,16.9,20,0.2,3.4,2.9,4.9,16667,21173,DEF
586,J.Cuenca,9,2,4.4,168,0,0,0,4,0,0,0,0,0,0,0,25,43.6,0.5,0.0,4.3,6,0.0,0.4,1.2,1.4,2379,6138,DEF
604,King,9,3,4.4,78,0,0,1,0,0,0,0,0,0,0,0,25,21.4,37.3,24.0,8.4,7,0.1,0.0,1.4,1.6,15884,16523,MID
605,Godo,9,3,4.4,14,0,0,0,0,0,0,0,0,0,0,0,1,1.0,0.5,6.0,0.8,1,0.0,0.0,1.0,0.2,7073,7095,MID
622,Berge,9,3,5.0,1643,0,0,4,21,0,0,0,4,0,0,2,245,266.0,225.5,28.0,51.9,41,0.0,1.6,1.9,8.2,4239,3966,MID
690,Amissah,9,2,4.0,0,0,0,0,0,0,0,0,0,0,0,0,0,0.0,0.0,0.0,0.0,0,0.0,0.0,0.0,0.0,4225,3372,DEF
753,Silva,9,5,1.1,0,0,0,0,0,0,0,0,0,0,0,0,0,0.0,0.0,0.0,0.0,55,0.6,7.4,0.0,50.0,15457,13570,
772,Willian,9,3,5.0,128,0,0,1,1,0,0,0,0,0,0,0,27,13.4,47.6,13.0,7.5,7,0.0,1.4,1.4,1.4,1404,576,MID
121,Enciso,10,3,5.4,554,0,1,2,9,0,0,0,2,0,0,0,105,101.0,150.8,231.0,48.1,24,0.1,1.0,1.4,4.4,21059,23918,MID
260,Al-Hamadi,10,4,4.7,125,0,0,0,5,0,0,0,3,0,0,0,15,5.6,25.7,32.0,6.0,8,0.2,0.0,0.7,1.7,61694,86394,FWD
261,Baggott,10,2,4.0,0,0,0,0,0,0,0,0,0,0,0,0,0,0.0,0.0,0.0,0.0,0,0.0,0.0,0.0,0.0,0,2850,DEF
262,Broadhead,10,3,4.9,445,0,0,1,8,0,0,0,1,0,0,0,72,60.4,78.3,108.0,24.7,17,0.0,0.8,1.3,3.5,1755,2416,MID
263,Burgess,10,2,3.8,945,0,1,0,24,0,0,0,0,0,0,0,75,248.4,43.1,78.0,37.0,15,2.0,0.2,1.4,3.9,403351,240622,DEF
264,Burns,10,3,4.8,922,0,1,1,23,0,0,0,1,0,0,0,144,111.6,148.5,66.0,31.8,30,0.0,0.0,1.7,6.2,5721,12857,MID
265,Chaplin,10,3,5.1,605,1,2,1,12,0,0,0,1,0,0,0,115,95.6,120.4,86.0,29.7,33,0.1,0.0,2.2,6.5,7774,27079,MID
266,H.Clarke,10,2,4.0,377,0,0,0,10,1,0,0,1,1,0,0,-5,48.2,24.4,35.0,10.5,1,0.1,0.0,0.1,0.2,10773,11656,DEF
267,Davis,10,2,4.3,2461,1,2,2,60,0,0,0,5,0,0,5,190,448.6,758.8,128.0,133.5,51,1.2,0.6,1.8,11.9,353425,407886,DEF
268,Delap,10,4,5.6,2172,10,2,3,48,0,0,0,9,0,0,17,376,428.4,265.2,654.0,133.9,108,3.5,3.0,3.9,19.3,1579606,1280495,FWD
269,Edmundson,10,2,4.0,1,0,0,0,0,0,0,0,0,0,0,0,3,0.0,0.0,0.0,0.0,1,0.1,0.0,1.0,0.2,2076,15071,DEF
270,Greaves,10,2,3.9,1665,1,0,2,38,0,0,0,4,0,0,0,144,442.4,39.7,135.0,61.8,32,4.2,0.6,1.7,8.2,1002743,624230,DEF
271,Harness,10,3,4.9,43,0,0,0,2,0,0,0,0,0,0,0,4,9.4,1.9,6.0,1.7,2,0.0,0.0,1.0,0.4,347,2447,MID
272,Hirst,10,4,5.4,258,2,1,0,6,0,0,0,1,0,0,2,105,99.8,40.4,114.0,25.3,30,0.0,1.8,1.8,5.6,13285,13276,FWD
273,Humphreys,10,3,4.5,0,0,0,0,0,0,0,0,0,0,0,0,0,0.0,0.0,0.0,0.0,0,0.0,0.0,0.0,0.0,651,5196,MID
274,Hutchinson,10,3,5.2,2225,3,2,3,53,0,0,0,5,0,0,6,292,333.4,369.9,354.0,105.9,77,0.3,3.6,2.9,14.8,83668,114273,MID
275,Johnson,10,2,3.9,945,0,1,0,27,0,0,0,3,0,0,0,19,182.2,97.0,47.0,32.6,17,1.9,0.6,1.0,4.4,333050,499563,DEF
276,Ladapo,10,4,4.5,0,0,0,0,0,0,0,0,0,0,0,0,0,0.0,0.0,0.0,0.0,0,0.4,0.0,0.0,0.0,59882,218739,FWD
277,Luongo,10,3,4.4,179,0,0,0,5,0,0,0,0,0,0,0,33,31.2,5.6,2.0,4.0,9,0.2,0.2,1.3,2.0,74127,89054,MID
278,Morsy,10,3,4.8,1977,1,1,2,47,1,0,0,8,0,0,5,302,309.2,251.1,26.0,58.5,51,0.1,0.0,2.1,10.6,45762,57747,MID
279,Ndaba,10,2,4.0,0,0,0,0,0,0,0,0,0,0,0,0,0,0.0,0.0,0.0,0.0,0,0.0,0.0,0.0,0.0,0,643,DEF
280,Slicker,10,1,3.9,0,0,0,0,0,0,0,0,0,0,0,0,0,0.0,0.0,0.0,0.0,0,0.6,0.0,0.0,0.0,47379,68108,GKP
281,Taylor,10,3,4.8,478,1,0,0,9,0,0,0,3,0,0,1,99,101.2,86.5,68.0,25.6,27,0.0,1.0,1.2,5.6,3245,5004,MID
282,Tuanzebe,10,2,3.9,1095,0,1,1,24,0,0,0,3,1,0,0,57,193.2,67.1,21.0,28.1,19,1.4,0.4,1.4,4.9,437848,422602,DEF
283,Walton,10,1,4.3,540,0,0,1,16,0,0,0,0,0,17,2,38,139.4,10.0,0.0,14.9,14,0.2,0.0,2.3,3.3,22805,30865,GKP
284,Woolfenden,10,2,3.9,1007,0,0,1,23,0,0,0,2,0,0,0,82,211.6,6.1,8.0,22.7,16,1.3,0.6,1.2,4.1,132816,147201,DEF
359,Phillips,10,3,4.8,1201,0,0,1,30,0,0,0,4,1,0,0,157,174.2,114.7,37.0,32.5,25,0.1,1.0,1.5,5.2,6597,13591,MID
568,Muric,10,1,4.4,1620,0,0,1,33,0,0,0,1,0,70,5,186,531.2,0.0,0.0,53.1,49,0.6,0.0,2.7,11.1,196702,187086,GKP
569,Jaden,10,3,5.3,782,2,0,2,21,0,0,0,2,1,0,3,111,159.0,98.2,185.0,43.5,35,0.1,4.4,1.9,6.6,9330,11670,MID
583,Townsend,10,2,3.9,136,0,0,0,3,0,0,0,0,0,0,0,17,53.8,42.6,2.0,9.9,4,0.6,0.4,1.3,1.0,69830,55407,DEF
611,Szmodics,10,3,5.7,976,4,0,2,17,0,0,0,2,0,0,2,161,211.4,81.6,263.0,55.1,53,0.2,0.2,2.8,9.3,108866,117301,MID
619,Cajuste,10,3,4.5,1435,1,0,1,35,0,0,0,2,0,0,2,226,183.6,136.7,39.0,35.6,46,0.1,3.2,2.1,10.2,41814,29642,MID
630,O'Shea,10,2,3.9,2312,0,1,2,55,0,0,0,6,0,0,1,163,612.6,45.0,151.0,80.8,36,1.3,1.4,1.4,9.2,344691,210362,DEF
631,J.Clarke,10,3,5.4,855,0,4,1,25,0,0,0,2,0,0,0,173,178.8,240.3,113.0,53.0,43,0.0,2.8,1.8,8.0,9172,8488,MID
632,Ogbene,10,3,4.8,237,0,0,0,3,0,0,0,0,0,0,0,29,22.8,30.2,12.0,6.4,7,0.0,0.0,1.4,1.5,2705,2773,MID
715,Godfrey,10,2,4.0,108,0,0,0,7,0,0,0,1,0,0,0,-19,8.8,2.3,2.0,1.3,-1,0.0,-0.2,-0.5,-0.2,5339,2492,DEF
743,McKenna,10,5,0.5,0,0,0,0,0,0,0,0,0,0,0,0,0,0.0,0.0,0.0,0.0,16,0.3,2.8,0.0,32.0,26731,7846,
764,Palmer,10,1,4.5,450,0,0,0,13,0,0,0,0,0,17,0,26,152.4,10.0,0.0,16.1,9,0.1,1.8,1.8,2.0,7131,2130,GKP
117,Buonanotte,11,3,4.6,1312,4,2,2,29,0,0,0,7,0,0,4,253,359.4,365.4,260.0,98.2,63,0.5,1.0,2.5,13.7,471325,445916,MID
192,J.Ayew,11,3,5.1,1312,4,0,2,36,0,0,0,6,0,0,3,214,238.2,238.2,271.0,74.7,58,0.2,0.8,2.3,11.4,33346,64524,MID
198,Edouard,11,4,5.1,141,0,0,0,3,0,0,0,0,0,0,0,14,5.0,25.0,50.0,8.0,7,0.2,0.0,1.2,1.4,42760,100571,FWD
285,B.Soumaré,11,3,4.4,1559,0,0,0,41,0,0,0,8,0,0,0,233,221.8,215.8,38.0,47.6,32,0.3,2.0,1.5,7.3,104084,91354,MID
286,Cannon,11,4,4.5,0,0,0,0,0,0,0,0,0,0,0,0,0,0.0,0.0,0.0,0.0,0,0.3,0.0,0.0,0.0,49177,155381,FWD
287,Choudhury,11,3,4.4,129,0,0,0,5,0,0,0,0,0,0,0,29,33.8,30.4,6.0,7.0,4,1.4,0.0,1.0,0.9,474957,372818,MID
288,Coady,11,2,4.0,902,0,0,0,27,0,0,0,1,0,0,0,52,200.2,26.3,6.0,23.3,12,0.3,0.8,0.9,3.0,56696,53588,DEF
289,Daka,11,4,4.8,450,1,0,0,10,0,0,0,0,0,0,2,81,66.8,24.4,92.0,17.7,25,0.6,1.2,1.6,5.2,217885,190367,FWD
290,De Cordova-Reid,11,3,5.2,628,1,4,0,16,0,0,0,2,0,0,2,135,98.4,83.5,63.0,24.6,43,0.1,1.0,2.1,8.3,9221,19772,MID
291,Faes,11,2,3.9,2092,1,0,1,50,0,0,0,3,0,0,0,146,522.0,65.3,103.0,69.1,35,6.0,1.0,1.3,9.0,1452575,1532760,DEF
292,Golding,11,3,4.4,0,0,0,0,0,0,0,0,0,0,0,0,0,0.0,0.0,0.0,0.0,0,0.2,0.0,0.0,0.0,47632,41973,MID
293,Hermansen,11,1,4.4,1935,0,0,1,47,0,1,0,0,0,84,1,196,690.2,0.2,0.0,69.1,54,0.4,3.0,2.5,12.3,122427,140593,GKP
294,Iversen,11,1,3.9,0,0,0,0,0,0,0,0,0,0,0,0,0,0.0,0.0,0.0,0.0,0,0.8,0.0,0.0,0.0,81752,71605,GKP
295,Justin,11,2,4.1,2274,2,1,1,55,0,0,0,3,0,0,2,140,475.0,214.2,194.0,88.7,48,1.2,1.0,1.8,11.7,646958,574863,DEF
296,Kristiansen,11,2,4.4,2276,0,1,1,55,1,0,0,1,0,0,0,156,487.4,340.0,36.0,86.1,32,0.1,1.0,1.2,7.3,17734,24231,DEF
297,Marcal,11,3,4.5,0,0,0,0,0,0,0,0,0,0,0,0,0,0.0,0.0,0.0,0.0,0,0.0,0.0,0.0,0.0,754,4556,MID
298,Mavididi,11,3,5.0,1387,3,1,1,35,0,0,0,2,0,0,3,221,284.8,333.8,261.0,87.7,60,0.3,1.0,2.2,12.0,177387,208326,MID
299,McAteer,11,3,4.7,388,0,1,1,9,0,0,0,1,0,0,0,69,65.8,71.1,69.0,20.4,19,0.0,0.2,1.6,4.0,11195,13095,MID
300,Ndidi,11,3,4.9,1646,0,4,1,35,1,0,0,5,0,0,1,267,392.4,188.9,237.0,81.7,46,0.2,1.8,2.3,9.4,106645,115005,MID
301,Okoli,11,2,4.0,1001,0,0,1,24,0,0,0,3,0,0,1,83,261.6,12.8,38.0,31.3,19,0.5,0.2,1.2,4.8,174139,146077,DEF
302,Ricardo,11,2,4.1,152,0,0,0,4,0,0,0,1,0,0,0,15,21.6,8.2,11.0,4.1,3,0.1,0.2,1.0,0.7,5489,22137,DEF
303,Souttar,11,2,4.0,0,0,0,0,0,0,0,0,0,0,0,0,0,0.0,0.0,0.0,0.0,0,0.0,0.0,0.0,0.0,0,1533,DEF
304,Stolarczyk,11,1,4.0,540,0,0,0,12,0,0,0,1,0,17,0,44,140.8,0.0,0.0,14.1,10,0.5,0.0,1.7,2.5,89763,42360,GKP
305,Thomas,11,2,3.9,362,0,0,0,10,0,0,0,0,0,0,0,32,81.8,18.7,12.0,11.2,5,1.6,0.8,1.0,1.3,271713,178348,DEF
306,Vardy,11,4,5.3,2226,7,4,1,56,0,0,0,4,0,0,13,371,400.0,247.3,625.0,127.0,100,4.9,2.0,3.7,18.9,2569696,2472869,FWD
307,Vestergaard,11,2,3.9,1390,0,0,0,35,1,0,0,5,0,0,0,86,321.0,46.6,53.0,42.4,11,1.8,0.0,0.6,2.8,311717,325299,DEF
308,Ward,11,1,3.9,135,0,0,0,6,0,0,0,0,0,4,0,-5,35.4,0.0,0.0,3.6,2,2.1,0.0,1.0,0.5,161509,190707,GKP
309,Winks,11,3,4.4,1536,0,2,0,34,0,0,0,4,0,0,0,282,272.8,319.6,37.0,63.2,40,5.3,0.6,1.8,9.1,1327116,2106082,MID
501,Skipp,11,3,4.7,770,0,0,1,22,0,0,0,4,0,0,0,93,87.0,120.1,26.0,23.4,19,0.0,0.2,1.2,4.0,4789,7108,MID
570,A.Fatawu,11,3,5.1,576,0,2,0,14,0,0,0,0,0,0,3,125,147.6,104.3,148.0,40.1,26,0.2,0.0,2.4,5.1,69073,102722,MID
606,Alves,11,3,4.4,1,0,0,0,0,0,0,0,0,0,0,0,3,0.0,0.3,0.0,0.0,1,0.1,0.0,1.0,0.2,12604,15024,MID
616,Nelson,11,2,4.0,0,0,0,0,0,0,0,0,0,0,0,0,0,0.0,0.0,0.0,0.0,0,0.0,0.0,0.0,0.0,2208,3772,DEF
635,El Khannouss,11,3,4.8,1522,2,1,1,42,0,0,0,3,0,0,5,257,257.4,377.6,113.0,74.7,57,0.2,1.6,2.4,11.9,66902,52408,MID
694,Cartwright,11,3,4.5,0,0,0,0,0,0,0,0,0,0,0,0,0,0.0,0.0,0.0,0.0,0,0.0,0.0,0.0,0.0,705,463,MID
708,Wilson-Brown,11,2,4.0,0,0,0,0,0,0,0,0,0,0,0,0,0,0.0,0.0,0.0,0.0,0,0.0,0.0,0.0,0.0,654,631,DEF
726,Coulibaly,11,2,4.0,107,0,0,0,6,0,0,0,1,0,0,0,-4,24.4,3.4,24.0,5.2,1,0.0,-0.2,0.2,0.2,2131,948,DEF
754,Van Nistelrooy,11,5,0.5,0,0,0,0,0,0,0,0,0,0,0,0,0,0.0,0.0,0.0,0.0,8,0.3,0.0,0.0,16.0,17995,7994,
310,A.Becker,12,1,5.6,1878,0,0,9,18,0,0,0,0,0,50,9,346,406.2,13.0,0.0,41.8,90,9.8,4.2,4.3,16.1,1495798,1710944,GKP
311,Alexander-Arnold,12,2,7.4,2144,2,6,12,21,0,0,0,4,0,0,13,562,661.0,792.6,232.0,168.3,135,27.2,5.4,4.8,18.2,4384567,4688478,DEF
312,Bajcetic,12,3,4.5,0,0,0,0,0,0,0,0,0,0,0,0,0,0.0,0.0,0.0,0.0,0,0.0,0.0,0.0,0.0,2712,17616,MID
313,Bradley,12,2,4.7,364,0,0,1,5,0,0,0,2,0,0,0,55,53.6,23.7,104.0,18.1,16,0.2,0.4,1.3,3.4,57722,105142,DEF
315,Clark,12,3,4.5,0,0,0,0,0,0,0,0,0,0,0,0,0,0.0,0.0,0.0,0.0,0,0.0,0.0,0.0,0.0,444,5318,MID
316,Darwin,12,4,7.0,957,5,3,2,17,0,0,0,7,0,0,6,232,248.2,112.4,353.0,70.8,60,2.0,2.6,2.6,8.6,401644,790439,FWD
317,Diogo J.,12,3,7.2,835,5,4,6,7,0,0,0,1,0,0,4,199,252.2,137.7,412.0,79.8,72,2.6,2.4,4.0,10.0,1249312,2643150,MID
318,Doak,12,3,4.5,0,0,0,0,0,0,0,0,0,0,0,0,0,0.0,0.0,0.0,0.0,0,0.0,0.0,0.0,0.0,1136,5657,MID
319,Elliott,12,3,5.2,121,0,1,0,1,0,0,0,0,0,0,0,53,39.6,63.4,45.0,14.9,14,0.2,0.4,1.3,2.7,21624,117578,MID
320,Endo,12,3,4.6,137,0,0,0,1,0,0,0,0,0,0,0,49,28.2,17.7,4.0,4.9,14,0.1,0.8,1.0,3.0,21416,34573,MID
321,Gakpo,12,4,7.4,1400,8,4,5,14,0,0,0,4,0,0,15,440,472.2,401.4,504.0,137.9,96,6.7,0.4,3.7,13.0,3298039,3054757,FWD
322,Gomez,12,2,4.7,517,0,0,1,8,0,0,0,1,0,0,0,83,130.4,38.5,58.0,22.8,14,0.4,0.0,1.6,3.0,286994,324621,DEF
323,Gravenberch,12,3,5.0,2471,0,2,12,24,0,0,0,5,0,0,1,451,425.0,396.7,85.0,90.9,71,0.7,2.4,2.4,14.2,247160,216902,MID
324,Jones,12,3,5.3,1159,3,5,4,17,0,0,0,1,1,0,4,298,311.0,242.9,319.0,86.8,70,0.3,1.4,2.9,13.2,168573,163804,MID
325,Kelleher,12,1,4.0,720,0,0,3,9,0,1,0,0,0,24,1,127,196.8,0.0,0.0,19.7,37,1.1,0.0,4.6,9.2,730273,699563,GKP
326,Konaté,12,2,5.2,1894,1,2,9,17,0,0,0,5,0,0,1,387,459.0,136.1,87.0,68.5,82,7.1,3.0,3.6,15.8,2824881,2403318,DEF
327,Luis Díaz,12,3,7.5,1845,9,6,13,14,0,0,0,2,0,0,15,457,537.8,522.5,702.0,176.1,138,15.2,6.0,4.9,18.4,6537048,6003029,MID
328,M.Salah,12,3,13.7,2570,27,17,12,27,0,0,0,1,0,0,51,1037,1436.6,923.1,1669.0,402.7,306,69.0,11.0,10.6,22.3,6439011,2726627,MID
329,Mac Allister,12,3,6.2,2110,3,4,12,17,0,0,0,6,0,0,3,429,469.4,525.1,286.0,127.9,87,1.7,3.2,3.1,14.0,283705,411242,MID
330,McConnell,12,3,4.4,0,0,0,0,0,0,0,0,0,0,0,0,0,0.0,0.0,0.0,0.0,0,0.1,0.0,0.0,0.0,9610,10468,MID
331,Morton,12,3,4.4,0,0,0,0,0,0,0,0,0,0,0,0,0,0.0,0.0,0.0,0.0,0,0.1,0.0,0.0,0.0,30065,30293,MID
332,N.Phillips,12,2,4.0,0,0,0,0,0,0,0,0,0,0,0,0,0,0.0,0.0,0.0,0.0,0,0.1,0.0,0.0,0.0,4026,17612,DEF
333,Quansah,12,2,3.9,286,0,0,0,5,0,0,0,1,0,0,0,41,75.6,6.3,6.0,8.9,9,1.1,1.0,0.9,2.3,308860,780863,DEF
334,R.Williams,12,2,4.0,0,0,0,0,0,0,0,0,0,0,0,0,0,0.0,0.0,0.0,0.0,0,0.0,0.0,0.0,0.0,828,14511,DEF
335,Robertson,12,2,5.8,2014,0,0,9,24,0,0,0,3,1,0,3,357,333.0,599.3,148.0,107.9,76,4.0,2.0,2.8,13.1,1078627,1204150,DEF
336,Szoboszlai,12,3,6.4,1948,5,7,10,19,0,0,0,6,0,0,13,472,439.0,589.2,503.0,153.1,111,3.8,5.8,4.1,17.3,871100,722025,MID
337,Tsimikas,12,2,4.6,509,0,1,3,3,0,0,0,2,0,0,1,155,136.6,130.4,35.0,30.4,32,0.2,1.4,2.3,7.0,43363,74526,DEF
339,Virgil,12,2,6.4,2610,1,1,12,27,0,0,0,3,0,0,4,498,683.2,167.1,232.0,108.1,108,21.6,3.4,3.7,16.9,2845205,2174040,DEF
636,Chiesa,12,3,6.8,25,0,0,0,1,0,0,0,0,0,0,0,4,0.8,1.8,15.0,1.7,3,0.2,0.0,1.0,0.4,50503,51812,MID
660,Jaros,12,1,4.0,11,0,0,0,0,0,0,0,0,0,1,0,6,8.8,0.0,0.0,0.9,1,0.1,0.0,1.0,0.2,35544,29946,GKP
669,Davies,12,1,4.0,0,0,0,0,0,0,0,0,0,0,0,0,0,0.0,0.0,0.0,0.0,0,0.0,0.0,0.0,0.0,1847,1667,GKP
688,Nyoni,12,3,4.5,0,0,0,0,0,0,0,0,0,0,0,0,0,0.0,0.0,0.0,0.0,0,0.0,0.0,0.0,0.0,858,659,MID
692,Nallo,12,2,4.0,0,0,0,0,0,0,0,0,0,0,0,0,0,0.0,0.0,0.0,0.0,0,0.0,0.0,0.0,0.0,989,930,DEF
709,Danns,12,4,4.5,10,0,0,0,1,0,0,0,0,0,0,0,2,0.0,0.3,0.0,0.0,1,0.0,0.0,1.0,0.2,6042,5035,FWD
744,Slot,12,5,1.5,0,0,0,0,0,0,0,0,0,0,0,0,0,0.0,0.0,0.0,0.0,67,24.0,8.4,0.0,44.7,138379,340613,
340,Akanji,13,2,5.3,1707,0,0,4,27,0,0,0,3,0,0,1,225,291.8,231.8,56.0,58.0,44,2.3,0.0,2.2,8.3,418932,715485,DEF
341,Aké,13,2,5.3,677,0,0,3,11,0,0,0,0,0,0,0,121,104.6,33.7,20.0,15.9,25,0.8,0.2,2.5,4.7,72643,275876,DEF
342,Bernardo,13,3,6.1,2037,2,4,4,35,0,0,0,5,0,0,7,413,422.2,613.9,461.0,149.8,76,2.6,0.8,2.9,12.5,929339,1201436,MID
343,Bobb,13,3,4.7,0,0,0,0,0,0,0,0,0,0,0,0,0,0.0,0.0,0.0,0.0,0,0.1,0.0,0.0,0.0,3830,30935,MID
344,Carson,13,1,3.9,0,0,0,0,0,0,0,0,0,0,0,0,0,0.0,0.0,0.0,0.0,0,0.2,0.0,0.0,0.0,18490,19821,GKP
345,De Bruyne,13,3,9.3,1095,2,8,5,16,0,0,0,2,0,0,7,320,315.2,620.1,258.0,119.0,76,3.8,0.8,3.8,8.2,1126794,1702382,MID
346,Doku,13,3,6.2,1156,3,4,5,13,0,0,0,1,0,0,3,334,370.8,366.1,378.0,111.8,67,1.5,1.8,3.4,10.8,495255,731863,MID
347,Ederson M.,13,1,5.3,1710,0,3,5,23,0,0,0,3,0,48,9,271,474.8,30.0,0.0,50.4,75,5.1,5.2,3.9,14.2,663298,1007382,GKP
348,Foden,13,3,9.2,1625,7,3,5,24,0,0,0,2,0,0,10,439,440.4,700.0,431.0,157.0,99,6.2,2.0,4.1,10.8,1647359,2775301,MID
349,Grealish,13,3,6.4,600,0,1,1,9,0,0,0,3,0,0,3,144,116.4,291.8,203.0,61.2,26,0.2,0.2,1.6,4.1,46755,57626,MID
350,Gvardiol,13,2,6.0,2468,5,0,7,37,0,0,0,1,0,0,8,422,672.0,432.4,412.0,152.0,106,22.3,3.4,3.8,17.7,3598232,4535162,DEF
351,Haaland,13,4,14.8,2480,21,3,7,38,0,0,1,2,0,0,26,750,906.4,323.4,1408.0,264.0,171,30.6,4.4,6.1,11.6,3896280,6311988,FWD
352,J.Alvarez,13,4,7.0,0,0,0,0,0,0,0,0,0,0,0,0,0,0.0,0.0,0.0,0.0,0,0.1,0.0,0.0,0.0,0,29544,FWD
353,João Cancelo,13,2,5.3,0,0,0,0,0,0,0,0,0,0,0,0,0,0.0,0.0,0.0,0.0,0,0.2,0.0,0.0,0.0,4654,78606,DEF
354,Kovačić,13,3,5.4,1677,4,2,7,25,0,0,0,5,0,0,10,399,436.4,450.2,150.0,103.8,80,1.2,1.2,3.3,14.8,722552,740083,MID
355,Lewis,13,2,4.3,1699,1,2,4,25,0,0,0,3,1,0,1,243,272.8,198.9,131.0,60.2,56,4.1,1.8,2.4,13.0,2531968,2290905,DEF
356,Matheus N.,13,3,4.9,1040,0,4,4,17,0,0,0,3,0,0,2,224,228.6,319.7,126.0,67.5,45,0.1,1.2,2.4,9.2,77634,76347,MID
357,McAtee,13,3,4.6,123,2,0,0,3,0,0,0,0,0,0,0,68,72.2,19.3,70.0,16.0,20,0.1,1.6,2.0,4.3,20652,20989,MID
358,Ortega Moreno,13,1,5.2,900,0,0,2,17,0,0,0,1,0,28,0,107,246.4,0.0,0.0,24.7,26,0.6,0.2,2.6,5.0,51716,93143,GKP
360,Rodrigo,13,3,6.2,65,0,0,0,0,0,0,0,0,0,0,0,18,10.8,17.1,0.0,2.8,2,0.8,0.0,1.0,0.3,39925,421689,MID
361,Rúben,13,2,5.4,1459,0,0,5,17,1,0,0,3,0,0,1,213,289.8,130.9,89.0,51.0,44,2.3,2.0,2.4,8.1,366157,605589,DEF
362,Stones,13,2,5.3,544,2,0,1,11,0,0,0,1,0,0,2,92,155.6,49.8,70.0,27.4,29,1.0,1.4,2.6,5.5,196652,355415,DEF
363,Walker,13,2,5.1,966,0,0,0,21,0,0,0,3,0,0,0,63,157.4,147.7,29.0,33.5,13,2.6,0.0,0.9,2.5,187185,904491,DEF
571,Savinho,13,3,6.2,1561,1,10,6,25,0,0,0,3,0,0,12,382,362.8,578.7,597.0,154.1,91,2.7,2.8,3.8,14.7,1300909,1114599,MID
607,O’Reilly,13,3,4.9,21,0,0,0,0,0,0,0,0,0,0,0,6,8.0,1.1,2.0,1.1,2,0.0,0.2,1.0,0.4,1653,2243,MID
625,Gündogan,13,3,6.3,1528,0,3,4,25,0,0,0,1,0,0,2,300,232.4,539.4,178.0,95.0,55,0.4,3.0,2.2,8.7,145582,139543,MID
626,Kaboré,13,2,4.5,0,0,0,0,0,0,0,0,0,0,0,0,0,0.0,0.0,0.0,0.0,0,0.0,0.0,0.0,0.0,491,789,DEF
671,Wright,13,3,4.5,0,0,0,0,0,0,0,0,0,0,0,0,0,0.0,0.0,0.0,0.0,0,0.0,0.0,0.0,0.0,2083,1883,MID
672,Simpson-Pusey,13,2,4.0,95,0,0,0,2,0,0,0,1,0,0,0,7,19.6,2.2,2.0,2.4,1,0.0,0.0,0.5,0.2,6083,4570,DEF
675,Wilson-Esbrand,13,2,4.0,0,0,0,0,0,0,0,0,0,0,0,0,0,0.0,0.0,0.0,0.0,0,0.0,0.0,0.0,0.0,2181,2146,DEF
698,Mubama,13,4,4.5,27,0,0,0,0,0,0,0,0,0,0,0,2,0.2,0.1,5.0,0.5,1,0.1,0.0,1.0,0.2,31955,21294,FWD
703,Alleyne,13,2,4.0,0,0,0,0,0,0,0,0,0,0,0,0,0,0.0,0.0,0.0,0.0,0,0.0,0.0,0.0,0.0,947,676,DEF
704,Brits,13,1,4.0,0,0,0,0,0,0,0,0,0,0,0,0,0,0.0,0.0,0.0,0.0,0,0.0,0.0,0.0,0.0,847,552,GKP
732,Khusanov,13,2,5.0,503,0,0,2,6,1,0,0,1,0,0,0,78,102.0,33.9,4.0,14.1,14,0.6,2.8,2.3,2.8,78831,16262,DEF
733,Vitor Reis,13,2,4.5,0,0,0,0,0,0,0,0,0,0,0,0,0,0.0,0.0,0.0,0.0,0,0.0,0.0,0.0,0.0,1657,1114,DEF
736,Guardiola,13,5,1.5,0,0,0,0,0,0,0,0,0,0,0,0,0,0.0,0.0,0.0,0.0,36,8.2,5.2,0.0,24.0,27911,16888,
755,Marmoush,13,4,7.3,474,4,1,2,9,0,0,0,0,0,0,6,176,171.0,141.9,123.0,43.6,38,12.5,6.8,5.4,5.2,1740786,355402,FWD
765,N.Gonzalez,13,3,6.0,391,0,0,3,4,0,0,0,1,0,0,0,48,48.4,44.9,25.0,11.5,12,0.0,2.4,2.4,2.0,6459,2291,MID
785,Echeverri,13,3,6.0,0,0,0,0,0,0,0,0,0,0,0,0,0,0.0,0.0,0.0,0.0,0,0.0,0.0,0.0,0.0,390,131,MID
364,Amad,14,3,5.3,1591,6,7,6,25,0,0,0,3,0,0,14,462,516.8,552.3,477.0,154.7,107,4.8,0.0,4.9,20.2,3935087,3869048,MID
365,Antony,14,3,5.7,135,0,0,0,2,0,0,0,0,0,0,0,37,35.0,50.7,74.0,15.8,8,0.2,0.0,1.0,1.4,18431,38367,MID
366,B.Fernandes,14,3,8.6,2375,8,11,8,37,0,0,0,2,2,0,25,666,857.0,1021.1,484.0,235.8,152,18.3,9.6,5.4,17.7,3851101,3848291,MID
367,Bayindir,14,1,4.3,0,0,0,0,0,0,0,0,0,0,0,0,0,0.0,0.0,0.0,0.0,0,0.1,0.0,0.0,0.0,10941,15410,GKP
368,Casemiro,14,3,4.7,1118,1,0,3,18,0,0,0,2,0,0,3,236,350.4,276.2,184.0,81.1,39,0.4,1.4,2.1,8.3,124600,157595,MID
369,Dalot,14,2,5.0,2486,0,3,7,39,0,0,0,4,0,0,9,299,424.8,327.0,224.0,97.3,83,5.6,4.0,3.0,16.6,1423378,1742498,DEF
370,Eriksen,14,3,5.2,776,0,1,4,9,0,0,0,2,0,0,0,145,125.6,294.8,32.0,45.3,30,0.2,1.2,1.9,5.8,24653,36930,MID
371,Evans,14,2,4.4,288,0,0,1,2,0,0,0,1,0,0,3,62,51.0,4.1,6.0,6.1,14,0.1,0.0,2.3,3.2,8931,17570,DEF
372,Garnacho,14,3,5.9,1633,4,3,4,26,0,0,0,1,0,0,4,265,312.0,325.5,701.0,133.0,78,4.9,3.4,2.8,13.2,1215417,2475586,MID
373,Hannibal,14,3,4.5,0,0,0,0,0,0,0,0,0,0,0,0,0,0.0,0.0,0.0,0.0,0,0.0,0.0,0.0,0.0,1740,11849,MID
374,Heaton,14,1,3.9,0,0,0,0,0,0,0,0,0,0,0,0,0,0.0,0.0,0.0,0.0,0,0.2,0.0,0.0,0.0,18724,21185,GKP
375,Højlund,14,4,6.9,1429,3,1,3,25,0,0,0,2,0,0,5,192,135.6,183.6,258.0,57.0,57,1.0,2.6,2.4,8.3,454235,456391,FWD
376,Lindelof,14,2,4.3,240,0,0,1,2,0,0,0,1,0,0,0,41,55.0,37.1,6.0,9.9,13,0.1,1.8,1.6,3.0,3842,17617,DEF
377,Maguire,14,2,4.9,1354,1,0,2,22,0,0,0,7,0,0,3,173,344.2,78.2,135.0,56.0,35,0.6,2.2,1.8,7.1,77962,105930,DEF
378,Mainoo,14,3,5.2,1282,0,0,5,20,0,0,0,5,0,0,0,186,154.8,211.9,99.0,46.9,32,1.8,0.0,1.8,6.2,152729,622285,MID
379,Malacia,14,2,4.4,99,0,0,0,1,0,0,0,1,0,0,0,2,5.2,13.9,0.0,1.7,2,0.0,0.0,0.7,0.5,2894,3703,DEF
380,Martinez,14,2,4.3,1751,2,1,6,27,0,0,0,7,0,0,5,293,426.6,153.9,158.0,73.8,68,2.4,0.0,3.4,15.8,446128,777303,DEF
381,McTominay,14,3,4.9,17,0,0,0,1,0,0,0,0,0,0,0,4,3.2,0.3,5.0,0.9,2,0.1,0.0,1.0,0.4,6691,93322,MID
382,Mount,14,3,6.3,243,0,0,1,4,0,0,0,2,0,0,0,16,20.8,55.2,43.0,11.8,8,0.1,0.0,1.0,1.3,6768,27261,MID
383,Onana,14,1,5.0,2610,0,0,8,40,0,1,0,0,0,80,5,381,658.0,13.0,0.0,67.1,101,5.8,3.6,3.5,20.2,1150749,1267589,GKP
384,Pellistri,14,3,5.0,0,0,0,0,0,0,0,0,0,0,0,0,0,0.0,0.0,0.0,0.0,0,0.0,0.0,0.0,0.0,61,1924,MID
387,Shaw,14,2,4.9,68,0,0,0,0,0,0,0,0,0,0,0,19,16.6,2.6,0.0,2.0,2,0.1,0.0,1.0,0.4,5234,66603,DEF
389,Zirkzee,14,4,6.5,1235,3,2,3,21,0,0,0,2,0,0,6,200,214.8,203.3,308.0,72.1,60,1.8,1.6,2.1,9.2,535225,660288,FWD
572,Yoro,14,2,4.3,695,0,0,0,15,0,0,0,3,0,0,0,42,126.4,18.8,48.0,19.4,12,0.2,0.4,0.9,2.8,40413,45192,DEF
593,De Ligt,14,2,4.8,1995,2,0,4,33,0,0,0,3,0,0,3,303,484.2,88.2,268.0,84.5,66,3.4,3.6,2.4,13.8,616905,793983,DEF
594,Mazraoui,14,2,4.3,2216,0,1,6,33,0,0,0,2,0,0,4,324,472.2,248.6,109.0,82.8,72,8.5,2.2,2.5,16.7,3028731,2681350,DEF
613,Collyer,14,3,4.5,174,0,0,0,2,0,0,0,0,0,0,0,40,40.4,29.9,8.0,7.9,6,0.0,0.4,1.0,1.3,13482,11605,MID
648,Wheatley,14,4,4.5,0,0,0,0,0,0,0,0,0,0,0,0,0,0.0,0.0,0.0,0.0,0,1.1,0.0,0.0,0.0,465169,387154,FWD
652,Ugarte,14,3,4.9,1321,1,0,3,21,1,0,0,8,0,0,1,215,224.0,133.7,71.0,42.7,34,0.1,2.6,1.6,6.9,34913,29653,MID
658,Heaven,14,2,4.0,95,0,0,0,1,0,0,0,0,0,0,0,20,28.2,0.7,2.0,3.1,2,0.1,0.4,1.0,0.5,13091,6932,DEF
667,Fletcher,14,3,4.5,0,0,0,0,0,0,0,0,0,0,0,0,0,0.0,0.0,0.0,0.0,0,0.0,0.0,0.0,0.0,1323,1068,MID
670,Amass,14,2,4.0,21,0,0,0,0,0,0,0,0,0,0,0,1,7.8,1.0,0.0,0.9,1,0.0,0.2,1.0,0.2,4450,3379,DEF
673,Fitzgerald,14,3,4.5,0,0,0,0,0,0,0,0,0,0,0,0,0,0.0,0.0,0.0,0.0,0,0.0,0.0,0.0,0.0,651,526,MID
691,Kukonki,14,2,4.0,0,0,0,0,0,0,0,0,0,0,0,0,0,0.0,0.0,0.0,0.0,0,0.0,0.0,0.0,0.0,850,786,DEF
745,Amorim,14,5,0.8,0,0,0,0,0,0,0,0,0,0,0,0,0,0.0,0.0,0.0,0.0,43,4.7,6.8,0.0,53.8,32278,22758,
761,Harrison,14,1,4.0,0,0,0,0,0,0,0,0,0,0,0,0,0,0.0,0.0,0.0,0.0,0,0.0,0.0,0.0,0.0,395,142,GKP
766,Dorgu,14,2,4.5,222,0,0,0,5,0,0,0,1,1,0,0,8,28.8,35.3,31.0,9.5,-1,0.2,-0.2,-0.3,-0.2,36303,20428,DEF
776,Obi,14,4,4.5,26,0,0,0,0,0,0,0,1,0,0,0,5,1.2,1.8,2.0,0.4,2,0.2,0.4,0.7,0.4,22520,5960,FWD
777,Fredricson,14,2,4.0,0,0,0,0,0,0,0,0,0,0,0,0,0,0.0,0.0,0.0,0.0,0,0.0,0.0,0.0,0.0,146,73,DEF
778,Moorhouse,14,3,4.5,0,0,0,0,0,0,0,0,0,0,0,0,0,0.0,0.0,0.0,0.0,0,0.0,0.0,0.0,0.0,97,45,MID
779,Koné,14,3,4.5,0,0,0,0,0,0,0,0,0,0,0,0,0,0.0,0.0,0.0,0.0,0,0.0,0.0,0.0,0.0,273,114,MID
783,Graczyk,14,1,4.0,0,0,0,0,0,0,0,0,0,0,0,0,0,0.0,0.0,0.0,0.0,0,0.0,0.0,0.0,0.0,104,24,GKP
788,Dermot Mee,14,1,4.0,0,0,0,0,0,0,0,0,0,0,0,0,0,0.0,0.0,0.0,0.0,0,0.0,0.0,0.0,0.0,60,8,GKP
390,A.Murphy,15,2,4.0,0,0,0,0,0,0,0,0,0,0,0,0,0,0.0,0.0,0.0,0.0,0,0.5,0.0,0.0,0.0,83269,121834,DEF
391,Almirón,15,3,5.4,150,0,0,0,3,0,0,0,0,0,0,0,36,15.2,40.9,57.0,11.3,10,0.3,0.0,1.1,1.9,42668,117938,MID
392,Barnes,15,3,5.9,893,5,2,2,14,0,0,0,0,0,0,9,253,283.8,205.6,369.0,86.0,73,1.0,2.0,3.2,12.4,708554,703176,MID
393,Botman,15,2,4.4,225,0,0,1,3,0,0,0,1,0,0,0,32,41.8,2.6,13.0,5.8,7,0.0,0.0,2.3,1.6,15328,14122,DEF
394,Bruno G.,15,3,6.1,2424,3,6,9,35,0,0,0,4,0,0,9,507,532.6,578.8,262.0,137.6,103,2.0,4.0,3.7,16.9,280292,436462,MID
395,Burn,15,2,4.4,2430,0,0,9,36,1,0,0,8,0,0,5,307,496.8,67.9,176.0,74.3,73,6.2,1.8,2.7,16.6,790607,1725587,DEF
396,Dúbravka,15,1,4.2,900,0,0,5,12,0,0,0,0,0,29,2,160,220.2,0.0,0.0,22.0,44,2.2,0.2,4.4,10.5,430973,323456,GKP
398,Gordon,15,3,7.4,2107,6,6,9,30,0,0,1,2,0,0,9,439,520.4,728.2,630.0,188.0,113,8.6,1.5,4.3,15.3,3288617,4917443,MID
399,Hall,15,2,4.8,2188,0,7,8,31,0,0,0,3,0,0,11,443,561.6,561.2,128.0,125.3,102,10.0,2.5,3.8,21.2,3441313,2907978,DEF
400,Hayden,15,3,4.4,0,0,0,0,0,0,0,0,0,0,0,0,0,0.0,0.0,0.0,0.0,0,0.1,0.0,0.0,0.0,11061,14498,MID
401,Isak,15,4,9.3,2053,19,5,8,33,0,0,0,1,0,0,31,700,872.6,471.6,976.0,231.3,169,51.9,4.2,6.8,18.2,7558240,7722813,FWD
402,J.Murphy,15,3,5.0,1676,5,8,7,24,0,0,0,3,0,0,5,369,458.8,399.2,362.0,121.8,101,3.3,3.2,4.0,20.2,1000858,849492,MID
403,Joelinton,15,3,6.0,2005,4,1,8,26,0,0,0,9,0,0,11,289,396.4,321.0,397.0,111.7,79,1.1,0.8,3.3,13.2,447962,507265,MID
404,Kelly,15,2,4.2,299,0,1,0,6,0,0,0,2,0,0,0,40,80.6,29.0,20.0,12.6,12,0.1,0.0,1.2,2.9,10682,20365,DEF
405,Krafth,15,2,4.3,241,0,0,1,2,0,0,0,0,0,0,0,36,44.2,10.9,11.0,6.6,11,0.1,0.2,2.8,2.6,12332,20565,DEF
406,Kuol,15,3,4.4,0,0,0,0,0,0,0,0,0,0,0,0,0,0.0,0.0,0.0,0.0,0,0.1,0.0,0.0,0.0,11055,10762,MID
407,Lascelles,15,2,4.5,0,0,0,0,0,0,0,0,0,0,0,0,0,0.0,0.0,0.0,0.0,0,0.0,0.0,0.0,0.0,1041,1021,DEF
408,Lewis,15,2,4.0,0,0,0,0,0,0,0,0,0,0,0,0,0,0.0,0.0,0.0,0.0,0,0.1,0.0,0.0,0.0,11493,41755,DEF
409,Livramento,15,2,4.5,1935,0,0,6,31,0,0,0,1,0,0,3,285,384.4,215.9,57.0,65.8,65,1.7,2.2,2.4,14.4,414018,413323,DEF
410,Longstaff,15,3,4.5,734,0,1,2,11,0,0,0,2,0,0,0,117,104.4,75.8,76.0,25.7,30,0.4,0.8,1.4,6.7,83208,158913,MID
411,Miley,15,3,5.0,188,1,0,0,4,0,0,0,0,0,0,1,64,72.0,21.8,43.0,13.7,15,0.0,2.5,1.9,3.0,2404,1979,MID
412,Odysseas,15,1,4.2,0,0,0,0,0,0,0,0,0,0,0,0,0,0.0,0.0,0.0,0.0,0,0.1,0.0,0.0,0.0,3680,10733,GKP
413,Pope,15,1,4.9,1620,0,0,4,26,0,0,0,2,0,59,2,216,428.4,0.0,0.0,42.7,56,3.3,2.0,3.1,11.4,673596,1106747,GKP
414,Ruddy,15,1,3.9,0,0,0,0,0,0,0,0,0,0,0,0,0,0.0,0.0,0.0,0.0,0,0.3,0.0,0.0,0.0,23170,26912,GKP
415,Schär,15,2,5.4,2052,2,0,7,33,0,0,0,5,1,0,0,263,497.0,73.2,172.0,73.8,66,1.5,2.0,2.8,12.2,377911,459263,DEF
416,Targett,15,2,3.9,12,0,0,0,0,0,0,0,0,0,0,0,3,2.4,1.0,0.0,0.3,1,0.3,0.0,1.0,0.3,36320,57107,DEF
417,Tonali,15,3,5.5,1725,1,1,7,25,0,0,0,5,0,0,2,287,292.6,225.4,192.0,71.0,56,0.4,2.0,2.2,10.2,114129,94275,MID
418,Trippier,15,2,5.6,688,0,0,3,10,0,0,0,1,0,0,4,127,120.0,163.6,15.0,30.0,34,3.4,2.2,2.0,6.1,177480,1186848,DEF
419,White,15,3,4.5,0,0,0,0,0,0,0,0,0,0,0,0,0,0.0,0.0,0.0,0.0,0,0.1,0.0,0.0,0.0,12007,43229,MID
420,Willock,15,3,4.7,801,0,2,3,14,0,0,0,2,0,0,0,117,138.8,223.3,126.0,48.6,38,0.1,2.2,1.5,8.1,40835,46559,MID
421,Wilson,15,4,6.9,156,0,0,0,6,0,0,0,1,0,0,0,14,3.2,2.6,29.0,2.9,8,0.1,1.2,1.0,1.2,15019,16810,FWD
574,Pivas,15,2,4.0,0,0,0,0,0,0,0,0,0,0,0,0,0,0.0,0.0,0.0,0.0,0,0.1,0.0,0.0,0.0,2653,11659,DEF
590,Osula,15,4,4.9,65,0,0,0,3,0,0,0,0,0,0,0,26,6.2,10.4,4.0,2.1,10,0.2,0.2,1.0,2.0,26124,31117,FWD
746,Howe,15,5,1.5,0,0,0,0,0,0,0,0,0,0,0,0,0,0.0,0.0,0.0,0.0,29,3.0,4.8,0.0,19.3,8847,9006,
789,Neave,15,4,4.5,0,0,0,0,0,0,0,0,0,0,0,0,0,0.0,0.0,0.0,0.0,0,0.0,0.0,0.0,0.0,225,37,FWD
26,Alex Moreno,16,2,4.2,812,0,1,3,15,0,0,0,2,0,0,1,105,165.8,83.8,27.0,27.6,31,0.4,0.0,2.4,7.4,100661,135781,DEF
422,Aina,16,2,5.4,2531,2,1,12,32,0,0,0,2,0,0,15,446,508.8,205.8,75.0,79.0,122,29.6,2.8,4.2,22.6,4741072,1694189,DEF
423,Anderson,16,3,5.0,1978,1,6,11,28,0,0,0,6,0,0,5,412,488.0,512.1,221.0,122.4,83,0.3,2.8,3.0,16.6,66816,59954,MID
424,Awoniyi,16,4,5.5,263,1,0,0,8,0,0,0,0,0,0,0,76,56.4,36.5,113.0,19.9,27,0.3,0.6,1.2,4.9,52654,118405,FWD
425,Boly,16,2,4.2,131,0,0,0,1,0,0,0,1,0,0,0,23,42.8,0.2,17.0,6.0,5,0.1,0.0,1.0,1.2,11431,27597,DEF
426,Bowler,16,3,4.5,0,0,0,0,0,0,0,0,0,0,0,0,0,0.0,0.0,0.0,0.0,0,0.0,0.0,0.0,0.0,1220,6518,MID
427,C.Miguel,16,1,4.1,0,0,0,0,0,0,0,0,0,0,0,0,0,0.0,0.0,0.0,0.0,0,0.1,0.0,0.0,0.0,13194,36979,GKP
428,Da Silva Moreira,16,3,4.3,28,0,0,0,0,0,0,0,0,0,0,0,9,5.2,0.3,0.0,0.6,2,0.1,0.0,1.0,0.5,17299,18203,MID
429,Danilo,16,3,4.7,168,0,0,1,3,0,0,0,0,0,0,0,32,17.4,2.7,0.0,2.0,8,0.0,0.8,1.6,1.7,2817,6634,MID
430,Dennis,16,4,4.9,0,0,0,0,0,0,0,0,0,0,0,0,0,0.0,0.0,0.0,0.0,0,0.2,0.0,0.0,0.0,49670,62819,FWD
431,Dominguez,16,3,4.8,1387,0,0,6,20,0,0,0,8,0,0,0,196,275.8,168.4,161.0,60.5,36,0.0,1.8,1.4,7.5,6285,7264,MID
432,Elanga,16,3,5.3,1841,5,8,11,25,0,0,0,1,0,0,10,402,482.2,586.0,405.0,147.7,118,6.4,5.2,4.1,22.3,1279637,800088,MID
433,Gibbs-White,16,3,6.6,2019,5,10,11,24,0,0,0,6,1,0,12,458,529.8,609.7,496.0,163.6,118,8.0,4.6,4.7,17.9,1402515,1005590,MID
434,Hudson-Odoi,16,3,5.2,1893,5,3,11,17,0,0,0,2,0,0,7,403,401.2,557.2,347.0,130.2,95,2.2,5.0,3.8,18.3,525064,629547,MID
435,Mighten,16,3,4.5,0,0,0,0,0,0,0,0,0,0,0,0,0,0.0,0.0,0.0,0.0,0,0.0,0.0,0.0,0.0,689,4191,MID
436,Murillo,16,2,4.7,2478,1,0,11,35,0,0,0,5,0,0,13,426,688.6,171.2,146.0,100.7,102,3.7,3.2,3.6,21.7,790902,465668,DEF
437,N.Williams,16,2,4.4,1778,1,1,9,20,0,0,0,4,0,0,5,315,391.2,159.3,190.0,74.2,84,3.1,3.4,3.2,19.1,450156,172684,DEF
438,O.Richards,16,2,4.5,0,0,0,0,0,0,0,0,0,0,0,0,0,0.0,0.0,0.0,0.0,0,0.0,0.0,0.0,0.0,33,4903,DEF
439,O'Brien,16,3,5.0,0,0,0,0,0,0,0,0,0,0,0,0,0,0.0,0.0,0.0,0.0,0,0.0,0.0,0.0,0.0,0,128,MID
440,Omobamidele,16,2,4.2,0,0,0,0,0,0,0,0,0,0,0,0,0,0.0,0.0,0.0,0.0,0,0.0,0.0,0.0,0.0,1747,6574,DEF
441,Panzo,16,2,4.0,0,0,0,0,0,0,0,0,0,0,0,0,0,0.0,0.0,0.0,0.0,0,0.0,0.0,0.0,0.0,0,137,DEF
442,Sangaré,16,3,4.3,270,0,1,1,2,0,0,0,2,0,0,0,49,63.8,29.2,21.0,11.4,11,1.3,0.6,1.6,2.6,308757,394153,MID
443,Sels,16,1,5.1,2610,0,1,12,35,0,0,0,2,0,89,10,423,695.8,10.1,0.0,71.0,125,18.7,3.6,4.3,24.5,2841065,986631,GKP
444,Toffolo,16,2,4.2,45,0,0,0,1,0,0,0,0,0,0,0,8,18.2,3.3,6.0,2.8,3,0.1,0.0,1.0,0.7,2789,7765,DEF
446,Ui-jo,16,4,4.5,0,0,0,0,0,0,0,0,0,0,0,0,0,0.0,0.0,0.0,0.0,0,0.8,0.0,0.0,0.0,317328,406640,FWD
447,Wood,16,4,7.3,2343,18,3,14,29,0,0,0,1,0,0,37,668,744.0,225.4,762.0,173.3,174,48.7,4.0,6.0,23.8,8456811,3745680,FWD
448,Worrall,16,2,4.5,0,0,0,0,0,0,0,0,0,0,0,0,0,0.0,0.0,0.0,0.0,0,0.0,0.0,0.0,0.0,71,5332,DEF
449,Yates,16,3,4.8,1537,2,1,5,20,0,0,0,8,0,0,3,242,256.6,203.0,240.0,70.2,53,0.1,1.4,2.0,11.0,59876,66191,MID
573,Milenković,16,2,4.9,2520,4,2,12,34,0,0,0,4,0,0,2,401,603.4,72.8,303.0,97.7,120,9.7,5.6,4.3,24.5,1559797,536351,DEF
596,Jota Silva,16,3,5.9,708,2,2,1,16,0,0,0,4,0,0,0,177,176.6,170.6,171.0,52.0,42,0.1,1.4,1.7,7.1,18519,25082,MID
620,Sosa,16,3,5.5,229,1,0,1,5,0,0,0,1,0,0,0,79,77.2,88.0,94.0,25.8,20,0.1,0.0,1.4,3.6,7171,6898,MID
653,Morato,16,2,4.5,616,0,0,3,8,0,0,0,1,0,0,2,123,164.2,5.2,5.0,17.6,34,0.1,0.4,1.7,7.6,14878,9922,DEF
706,Abbott,16,2,4.0,0,0,0,0,0,0,0,0,0,0,0,0,0,0.0,0.0,0.0,0.0,0,0.0,0.0,0.0,0.0,4490,2307,DEF
721,Hennessey,16,1,4.0,0,0,0,0,0,0,0,0,0,0,0,0,0,0.0,0.0,0.0,0.0,0,0.0,0.0,0.0,0.0,3080,1426,GKP
747,Nuno,16,5,1.1,0,0,0,0,0,0,0,0,0,0,0,0,0,0.0,0.0,0.0,0.0,43,7.6,5.6,0.0,39.1,45398,20843,
14,Ramsdale,17,1,4.4,1890,0,0,2,50,0,0,0,2,0,91,5,201,673.0,0.0,0.0,67.4,57,1.2,1.6,2.7,13.0,304672,299350,GKP
27,Archer,17,4,4.9,1166,2,0,1,28,0,0,1,0,0,0,4,116,102.6,63.5,311.0,47.5,46,1.3,1.2,1.8,9.4,538839,555141,FWD
188,Ugochukwu,17,3,4.4,1022,0,1,0,28,0,0,0,4,0,0,0,128,167.4,149.2,40.0,35.6,26,0.3,1.2,1.4,5.9,70847,73528,MID
397,Fraser,17,3,4.8,303,0,0,0,12,0,0,0,0,1,0,0,31,35.8,26.8,13.0,6.7,7,0.0,0.0,0.9,1.5,2537,4873,MID
451,Amo-Ameyaw,17,3,4.4,26,0,0,0,0,0,0,0,1,0,0,0,1,4.0,16.1,6.0,2.6,1,0.1,0.0,0.5,0.2,24416,28807,MID
452,Aribo,17,3,4.9,1821,3,0,1,51,0,0,0,1,0,0,7,360,355.4,275.2,235.0,86.8,67,0.1,2.0,2.4,13.7,20547,20073,MID
453,Armstrong,17,4,5.1,1246,2,3,2,35,0,0,1,4,0,0,2,145,154.4,143.7,262.0,56.0,45,0.6,0.0,2.2,8.8,273688,387649,FWD
454,Bazunu,17,1,4.3,0,0,0,0,0,0,0,0,0,0,0,0,0,0.0,0.0,0.0,0.0,0,0.1,0.0,0.0,0.0,2973,25807,GKP
455,Bednarek,17,2,4.0,1901,2,0,2,45,0,0,0,5,0,0,2,210,599.6,63.6,67.0,72.9,47,2.4,0.6,2.0,11.8,624093,518041,DEF
456,Bella-Kotchap,17,2,3.9,329,0,0,0,13,0,0,0,0,0,0,0,7,64.6,2.3,4.0,7.0,2,0.4,0.4,0.5,0.5,59907,56270,DEF
457,Bree,17,2,3.9,886,0,1,0,28,0,0,0,0,0,0,0,64,167.4,152.1,41.0,36.0,15,0.4,0.2,1.1,3.8,65671,48300,DEF
458,Charles,17,3,4.5,0,0,0,0,0,0,0,0,0,0,0,0,0,0.0,0.0,0.0,0.0,0,0.0,0.0,0.0,0.0,1091,7743,MID
459,Edozie,17,3,4.9,64,0,0,0,0,0,0,0,1,0,0,0,6,9.8,19.0,22.0,5.1,1,0.0,0.0,0.5,0.2,463,2665,MID
460,Edwards,17,2,3.9,12,0,0,0,1,0,0,0,0,0,0,0,-1,5.0,0.1,0.0,0.5,1,0.2,0.0,1.0,0.3,41084,41930,DEF
461,Harwood-Bellis,17,2,4.0,2119,1,0,2,51,0,0,0,7,0,0,2,200,570.2,171.7,215.0,95.9,42,5.6,0.6,1.6,10.5,822638,1216637,DEF
462,Kamaldeen,17,3,5.0,734,1,1,0,26,0,0,0,0,0,0,2,110,107.4,105.6,158.0,36.9,33,0.0,3.4,1.9,6.6,5458,3173,MID
463,Lallana,17,3,5.0,352,0,2,0,8,0,0,0,4,0,0,1,74,81.2,82.4,21.0,18.4,17,0.0,0.2,1.2,3.4,3776,6458,MID
464,Larios,17,2,3.9,0,0,0,0,0,0,0,0,0,0,0,0,0,0.0,0.0,0.0,0.0,0,0.1,0.0,0.0,0.0,4606,9558,DEF
465,Lis,17,1,4.0,0,0,0,0,0,0,0,0,0,0,0,0,0,0.0,0.0,0.0,0.0,0,0.1,0.0,0.0,0.0,888,19017,GKP
466,Lumley,17,1,4.0,270,0,0,0,7,0,0,0,0,0,13,0,22,102.2,0.0,0.0,10.2,8,0.5,0.0,2.7,2.0,82135,59042,GKP
467,Manning,17,2,4.3,968,0,1,0,26,0,0,0,2,0,0,0,90,209.4,314.7,56.0,57.9,18,0.1,0.6,1.1,4.2,4103,8073,DEF
468,Mara,17,4,5.0,0,0,0,0,0,0,0,0,0,0,0,0,0,0.0,0.0,0.0,0.0,0,0.0,0.0,0.0,0.0,782,8329,FWD
469,McCarthy,17,1,4.2,450,0,0,0,13,0,0,0,0,0,24,0,32,166.4,0.0,0.0,16.7,12,0.1,0.0,2.4,2.9,19261,27916,GKP
470,Onuachu,17,4,4.9,755,3,1,0,23,0,0,0,3,0,0,3,121,172.8,115.6,377.0,66.1,39,0.3,2.6,2.1,8.0,76865,60093,FWD
471,Smallbone,17,3,5.0,549,1,0,0,17,0,0,0,1,0,0,0,95,95.4,140.8,51.0,28.7,20,0.0,2.0,1.7,4.0,2550,6638,MID
472,Stephens,17,2,4.0,804,0,0,1,20,0,0,0,2,2,0,2,45,127.4,51.6,17.0,19.6,12,0.4,0.2,1.0,3.0,119500,125145,DEF
473,Stewart,17,4,4.4,130,0,0,0,2,0,0,0,1,0,0,0,5,5.8,6.7,9.0,2.1,3,1.7,0.0,0.8,0.7,794733,700789,FWD
474,Sugawara,17,2,4.2,1432,1,1,2,41,0,0,0,4,0,0,0,108,276.8,286.8,116.0,67.8,39,0.2,0.6,1.5,9.3,35142,41655,DEF
475,Taylor,17,2,3.9,263,0,0,0,10,0,0,0,1,0,0,0,16,72.6,26.5,2.0,10.2,5,3.9,0.0,0.7,1.3,417153,551777,DEF
476,Walker-Peters,17,2,4.3,2378,0,2,2,65,0,0,0,5,0,0,3,181,414.0,346.4,190.0,94.7,43,0.3,0.6,1.6,10.0,47309,65991,DEF
477,Wood,17,2,4.0,622,0,0,1,16,0,0,0,2,0,0,2,42,94.8,19.4,14.0,13.0,13,1.1,0.0,1.4,3.2,124905,145463,DEF
515,Cornet,17,3,4.7,71,0,0,0,4,0,0,0,1,0,0,0,12,11.6,3.5,7.0,2.2,1,0.0,0.0,0.5,0.2,2364,4688,MID
518,Downes,17,3,4.7,1520,1,0,2,40,0,0,0,9,0,0,0,224,204.0,233.6,109.0,54.9,35,0.0,0.6,1.8,7.4,7606,11103,MID
584,Brereton Díaz,17,3,4.8,446,0,0,0,10,0,0,0,1,0,0,0,43,21.8,63.6,81.0,16.8,13,0.1,0.0,1.3,2.7,22711,82867,MID
608,Dibling,17,3,4.4,1533,2,2,2,41,0,0,0,6,0,0,4,219,238.8,301.7,254.0,79.4,56,1.6,2.2,2.2,12.7,770502,623433,MID
623,M.Fernandes,17,3,5.0,2142,1,2,4,52,0,0,0,7,0,0,2,351,361.8,491.1,299.0,115.4,61,0.1,1.8,2.3,12.2,18695,15256,MID
693,O'Brien-Whitmarsh,17,3,4.5,0,0,0,0,0,0,0,0,0,0,0,0,0,0.0,0.0,0.0,0.0,0,0.0,0.0,0.0,0.0,828,759,MID
718,Welington,17,2,4.0,171,0,0,0,4,0,0,0,1,0,0,0,16,53.8,40.6,5.0,9.9,3,0.0,0.4,0.8,0.8,983,513,DEF
719,Kayi Sanda,17,2,4.0,0,0,0,0,0,0,0,0,0,0,0,0,0,0.0,0.0,0.0,0.0,0,0.0,0.0,0.0,0.0,483,322,DEF
734,Grønbæk,17,3,4.9,141,0,0,0,3,0,0,0,0,0,0,0,13,15.8,11.4,9.0,3.7,6,0.0,0.8,1.5,1.2,911,482,MID
748,Jurić,17,5,0.5,0,0,0,0,0,0,0,0,0,0,0,0,0,0.0,0.0,0.0,0.0,12,0.1,0.6,0.0,24.0,2510,1616,
82,Solanke,18,4,7.3,1778,7,5,3,33,1,0,0,0,0,0,6,327,413.2,182.8,639.0,122.5,87,4.8,0.8,4.3,11.9,2680194,4971382,FWD
478,A.Phillips,18,2,4.0,0,0,0,0,0,0,0,0,0,0,0,0,0,0.0,0.0,0.0,0.0,0,0.2,0.0,0.0,0.0,8361,43869,DEF
479,Austin,18,1,4.0,90,0,0,0,2,0,0,0,0,0,2,0,7,20.0,0.0,0.0,2.0,1,0.5,0.0,1.0,0.2,39889,41915,GKP
480,Bentancur,18,3,4.9,1243,2,0,3,18,0,0,0,7,0,0,1,237,258.2,179.3,157.0,59.7,41,0.1,1.8,2.2,8.4,23523,40188,MID
481,Bergvall,18,3,4.4,924,0,2,2,17,0,0,0,3,0,0,0,188,199.6,171.5,67.0,43.8,35,1.1,3.0,1.6,8.0,242009,218000,MID
482,Bissouma,18,3,4.8,1136,2,0,3,19,0,0,0,6,0,0,4,230,239.8,116.7,51.0,41.0,44,0.2,0.6,2.0,9.2,93999,96949,MID
483,Bryan,18,3,5.0,0,0,0,0,0,0,0,0,0,0,0,0,0,0.0,0.0,0.0,0.0,0,0.0,0.0,0.0,0.0,0,152,MID
484,Davies,18,2,4.3,720,0,0,3,9,0,0,0,2,0,0,0,127,209.2,21.2,36.0,26.8,24,0.2,1.2,2.7,5.6,18378,30288,DEF
485,Devine,18,3,4.5,0,0,0,0,0,0,0,0,0,0,0,0,0,0.0,0.0,0.0,0.0,0,0.0,0.0,0.0,0.0,4716,12809,MID
486,Dragusin,18,2,4.3,1250,0,0,2,29,0,0,0,1,0,0,0,96,256.4,58.1,47.0,36.2,24,0.2,0.0,1.5,5.6,56012,68444,DEF
487,E.Royal,18,2,4.5,0,0,0,0,0,0,0,0,0,0,0,0,0,0.0,0.0,0.0,0.0,0,0.0,0.0,0.0,0.0,0,2695,DEF
488,Forster,18,1,4.3,630,0,0,1,15,0,0,0,0,0,29,0,64,221.0,0.0,0.0,22.2,19,0.4,0.0,2.7,4.4,104386,98391,GKP
489,Gray,18,3,4.6,1245,0,0,2,24,1,0,0,0,0,0,0,208,211.2,45.9,11.0,26.9,34,0.2,1.4,1.6,7.4,39654,47131,MID
490,Højbjerg,18,3,5.0,0,0,0,0,0,0,0,0,0,0,0,0,0,0.0,0.0,0.0,0.0,0,0.0,0.0,0.0,0.0,0,532,MID
491,Johnson,18,3,6.2,1759,9,4,2,24,0,0,0,4,0,0,10,362,454.8,234.5,694.0,137.7,108,2.3,3.8,4.2,17.4,2146657,2029051,MID
492,Kulusevski,18,3,6.2,2152,7,4,6,35,0,0,0,3,0,0,9,405,584.0,813.1,685.0,208.0,110,3.0,2.6,4.1,17.7,1478784,1462080,MID
493,Lo Celso,18,3,4.9,0,0,0,0,0,0,0,0,0,0,0,0,0,0.0,0.0,0.0,0.0,0,0.0,0.0,0.0,0.0,2052,10698,MID
494,Maddison,18,3,7.4,1514,9,6,5,25,0,0,0,6,0,0,14,516,618.6,593.1,476.0,168.5,118,4.8,3.2,4.4,15.9,2327392,2410952,MID
495,Pedro Porro,18,2,5.3,2277,2,5,6,38,0,0,0,2,0,0,5,406,673.0,744.2,187.0,160.6,93,19.5,2.0,3.3,17.5,2768198,4227204,DEF
496,Reguilón,18,2,4.1,121,0,0,0,1,0,0,0,2,0,0,0,17,20.8,20.2,11.0,5.2,1,0.2,0.0,0.3,0.2,14306,32768,DEF
497,Richarlison,18,4,6.8,275,2,1,1,2,0,0,0,1,0,0,0,90,119.8,54.8,116.0,29.0,20,0.3,0.0,2.2,2.9,69970,156861,FWD
498,Romero,18,2,4.9,1101,1,0,3,14,0,0,0,1,0,0,3,221,275.8,96.6,159.0,53.4,44,3.4,1.8,3.1,9.0,937799,1269981,DEF
499,P.M.Sarr,18,3,4.7,1386,3,2,2,28,0,0,0,5,0,0,4,312,348.0,230.3,173.0,74.8,60,0.2,2.2,2.2,12.8,56302,64143,MID
500,Scarlett,18,4,4.4,31,0,1,0,1,0,0,0,0,0,0,0,20,24.4,11.0,17.0,5.2,6,0.7,1.0,2.0,1.4,104927,48106,FWD
502,Solomon,18,3,5.4,0,0,0,0,0,0,0,0,0,0,0,0,0,0.0,0.0,0.0,0.0,0,0.0,0.0,0.0,0.0,480,5476,MID
503,Son,18,3,9.7,1855,7,10,4,32,0,0,1,1,0,0,12,529,616.8,709.4,633.0,196.0,123,5.6,3.8,4.7,12.7,1977225,2454332,MID
504,Spence,18,2,4.4,1063,1,1,3,19,0,0,0,1,1,0,6,197,297.8,170.7,62.0,53.1,42,1.1,4.0,2.6,9.5,146841,35871,DEF
505,Udogie,18,2,4.8,1653,0,1,2,25,0,0,0,2,0,0,0,244,315.6,231.5,124.0,67.3,43,1.4,1.2,2.0,9.0,323386,581098,DEF
506,Van de Ven,18,2,4.5,817,0,2,2,12,0,0,0,4,0,0,2,127,168.6,36.7,40.0,24.6,29,2.4,0.2,2.9,6.4,1039750,1509182,DEF
507,Veliz,18,4,5.0,0,0,0,0,0,0,0,0,0,0,0,0,0,0.0,0.0,0.0,0.0,0,0.0,0.0,0.0,0.0,0,984,FWD
508,Vicario,18,1,4.8,1530,0,0,4,19,0,0,0,1,0,51,2,259,443.4,0.0,0.0,44.2,56,1.8,3.8,3.3,11.7,241085,506035,GKP
509,Werner,18,3,6.2,504,0,3,1,12,0,0,0,0,0,0,2,120,114.6,148.0,113.0,37.1,34,0.1,0.2,1.9,5.5,14457,36266,MID
510,Whiteman,18,1,3.9,0,0,0,0,0,0,0,0,0,0,0,0,0,0.0,0.0,0.0,0.0,0,1.5,0.0,0.0,0.0,92914,88564,GKP
609,Lankshear,18,4,4.5,10,0,0,0,0,0,0,0,0,0,0,0,7,0.0,0.0,0.0,0.0,3,1.1,0.0,1.0,0.7,434203,389964,FWD
610,Moore,18,3,4.5,180,0,2,0,1,0,0,0,0,0,0,0,37,23.4,42.7,30.0,9.4,14,0.2,0.0,2.0,3.1,49992,52939,MID
612,Odobert,18,3,5.3,348,0,0,1,6,0,0,0,0,0,0,0,31,22.2,55.7,94.0,17.1,13,0.0,1.4,1.6,2.5,9960,8543,MID
683,Olusesi,18,3,4.5,0,0,0,0,0,0,0,0,0,0,0,0,0,0.0,0.0,0.0,0.0,0,0.0,0.0,0.0,0.0,1215,905,MID
684,Hardy,18,2,4.0,0,0,0,0,0,0,0,0,0,0,0,0,0,0.0,0.0,0.0,0.0,0,0.0,0.0,0.0,0.0,2825,2145,DEF
689,Williams-Barnett,18,3,4.5,0,0,0,0,0,0,0,0,0,0,0,0,0,0.0,0.0,0.0,0.0,0,0.0,0.0,0.0,0.0,790,768,MID
699,Dorrington,18,2,4.0,13,0,0,0,0,0,0,0,0,0,0,0,4,1.0,0.2,0.0,0.1,1,0.0,0.0,1.0,0.2,1051,1046,DEF
700,King,18,2,4.0,0,0,0,0,0,0,0,0,0,0,0,0,0,0.0,0.0,0.0,0.0,0,0.0,0.0,0.0,0.0,2028,1317,DEF
716,Kinsky,18,1,4.3,360,0,0,1,7,0,0,0,0,0,11,0,52,102.6,10.1,0.0,11.2,12,0.2,0.0,3.0,2.8,44935,30705,GKP
717,Yang,18,3,4.5,0,0,0,0,0,0,0,0,0,0,0,0,0,0.0,0.0,0.0,0.0,0,0.0,0.0,0.0,0.0,468,393,MID
729,Ajayi,18,3,4.5,0,0,0,0,0,0,0,0,0,0,0,0,0,0.0,0.0,0.0,0.0,0,0.0,0.0,0.0,0.0,828,391,MID
749,Postecoglou,18,5,1.1,0,0,0,0,0,0,0,0,0,0,0,0,0,0.0,0.0,0.0,0.0,40,3.1,5.8,0.0,36.4,36921,13809,
760,Cassanova,18,2,4.0,0,0,0,0,0,0,0,0,0,0,0,0,0,0.0,0.0,0.0,0.0,0,0.0,0.0,0.0,0.0,368,169,DEF
767,Danso,18,2,4.5,347,0,0,1,4,0,0,0,0,0,0,0,64,91.4,19.7,53.0,16.4,11,0.0,2.2,2.8,2.4,9160,4719,DEF
768,Tel,18,3,6.0,304,0,0,2,2,0,0,0,0,0,0,0,25,25.4,43.3,98.0,16.3,10,0.2,2.0,2.5,1.7,37305,19932,MID
123,Ferguson,19,4,5.5,326,1,0,1,7,0,0,0,0,0,0,2,91,76.8,64.3,99.0,23.7,25,0.3,1.0,1.4,4.5,86173,77742,FWD
388,Wan-Bissaka,19,2,4.5,2434,2,3,5,47,1,0,0,1,0,0,10,352,591.4,394.9,140.0,112.7,88,6.6,5.0,3.1,19.6,1177226,690386,DEF
511,Álvarez,19,3,5.0,1534,0,1,3,28,0,0,0,6,1,0,0,190,246.4,190.9,49.0,48.7,35,0.1,2.0,1.5,7.0,15980,19790,MID
512,Antonio,19,4,5.3,834,1,4,4,18,0,0,0,1,0,0,3,111,72.0,139.5,194.0,39.5,42,0.8,0.0,3.0,7.9,385829,481698,FWD
513,Areola,19,1,4.2,1539,0,0,3,29,1,0,0,0,0,55,0,178,425.6,0.0,0.0,42.7,45,4.4,4.2,2.5,10.7,401562,864837,GKP
514,Bowen,19,3,7.6,2187,7,8,6,38,0,0,0,1,0,0,12,464,591.6,612.7,794.0,199.5,125,10.0,5.0,5.0,16.4,2099566,1762953,MID
516,Coufal,19,2,4.1,729,0,0,1,15,1,0,0,2,0,0,1,58,151.0,104.5,35.0,28.7,18,0.4,0.0,1.2,4.4,36632,87137,DEF
517,Cresswell,19,2,3.9,538,0,0,2,5,0,0,0,2,0,0,3,96,97.2,114.1,5.0,21.6,26,2.1,3.4,2.0,6.7,231494,245027,DEF
519,Earthy,19,3,4.5,0,0,0,0,0,0,0,0,0,0,0,0,0,0.0,0.0,0.0,0.0,0,0.0,0.0,0.0,0.0,0,8042,MID
520,Emerson,19,2,4.4,1789,2,1,4,38,0,0,0,5,0,0,2,176,381.8,295.1,156.0,83.3,61,0.6,0.8,2.4,13.9,138489,156165,DEF
521,Fabianski,19,1,4.0,1070,0,0,2,20,0,0,0,2,0,47,2,132,362.2,0.3,0.0,36.1,36,14.7,0.0,2.8,9.0,1676100,1399206,GKP
522,Foderingham,19,1,4.3,0,0,0,0,0,0,0,0,0,0,0,0,0,0.0,0.0,0.0,0.0,0,0.1,0.0,0.0,0.0,7796,16019,GKP
523,Ings,19,4,4.9,270,1,3,0,4,0,0,0,0,0,0,4,110,97.0,76.5,159.0,33.4,32,1.2,0.2,2.1,6.5,412556,426732,FWD
524,Kilman,19,2,4.3,2538,0,1,5,49,0,0,0,3,0,0,5,294,629.4,172.2,136.0,94.1,66,1.3,4.0,2.3,15.3,365576,362598,DEF
525,Kudus,19,3,6.2,1995,3,2,5,36,0,0,0,0,1,0,4,260,324.2,413.9,586.0,132.3,74,2.5,3.0,3.1,11.9,404724,1011686,MID
526,L.Guilherme,19,3,4.6,50,0,0,0,2,0,0,0,0,0,0,0,26,14.2,34.6,6.0,5.4,7,0.0,0.2,1.0,1.5,2423,4771,MID
527,L.Paquetá,19,3,5.7,1803,4,1,4,39,0,0,0,7,0,0,5,287,339.8,444.3,235.0,101.6,69,0.9,1.0,2.8,12.1,232489,351261,MID
528,Mavropanos,19,2,4.3,1656,0,0,2,31,0,0,0,2,1,0,4,197,402.8,62.2,150.0,61.6,37,0.1,1.4,1.5,8.6,19265,25194,DEF
529,N.Aguerd,19,2,4.4,0,0,0,0,0,0,0,0,0,0,0,0,0,0.0,0.0,0.0,0.0,0,0.0,0.0,0.0,0.0,1368,13377,DEF
530,Souček,19,3,4.9,2081,7,2,6,36,0,0,0,8,0,0,13,354,519.8,218.4,495.0,122.8,101,1.5,5.0,3.7,20.6,477322,567948,MID
531,Ward-Prowse,19,3,6.1,810,0,1,3,10,0,0,0,1,1,0,0,137,140.6,188.7,48.0,37.8,25,0.5,2.0,1.7,4.1,33509,172954,MID
532,Zouma,19,2,4.4,0,0,0,0,0,0,0,0,0,0,0,0,0,0.0,0.0,0.0,0.0,0,0.1,0.0,0.0,0.0,5376,51027,DEF
576,Irving,19,3,4.7,161,0,0,0,4,0,0,0,2,0,0,0,38,37.6,26.5,17.0,8.1,9,0.0,0.2,0.9,1.9,1573,2987,MID
587,Summerville,19,3,5.5,776,1,1,2,20,0,0,0,2,0,0,2,129,156.4,246.1,186.0,58.7,33,0.3,0.0,1.7,6.0,49219,126725,MID
588,G.Rodríguez,19,3,4.8,1016,0,0,3,18,0,0,0,5,0,0,0,165,168.6,62.1,23.0,25.5,29,0.1,0.2,1.4,6.0,7277,11294,MID
589,Füllkrug,19,4,6.7,366,2,1,1,11,0,0,0,1,0,0,1,88,99.0,84.8,113.0,29.4,22,0.8,0.0,2.4,3.3,64411,408645,FWD
591,Todibo,19,2,4.2,1143,0,0,4,22,0,0,0,2,0,0,1,164,239.2,31.3,26.0,29.6,38,0.3,2.8,2.0,9.0,23016,48254,DEF
643,Casey,19,2,4.0,1,0,0,0,0,0,0,0,0,0,0,0,3,2.0,0.0,0.0,0.2,1,0.2,0.0,1.0,0.2,27245,21335,DEF
654,C.Soler,19,3,5.0,1088,1,1,2,21,0,0,0,5,0,0,2,174,131.2,209.1,125.0,46.5,39,0.0,1.0,1.6,7.8,8052,7105,MID
677,Scarles,19,2,4.0,401,0,0,2,4,0,0,0,1,0,0,2,84,71.2,36.2,16.0,12.4,22,0.2,3.2,2.2,5.5,23123,4549,DEF
686,Mayers,19,2,4.0,0,0,0,0,0,0,0,0,0,0,0,0,0,0.0,0.0,0.0,0.0,0,0.0,0.0,0.0,0.0,2437,2035,DEF
701,Orford,19,3,4.5,47,0,0,0,1,0,0,0,0,0,0,0,13,6.4,27.6,6.0,4.0,2,0.0,0.0,1.0,0.4,1504,1200,MID
750,Potter,19,5,0.5,0,0,0,0,0,0,0,0,0,0,0,0,0,0.0,0.0,0.0,0.0,43,3.7,6.6,0.0,86.0,30617,17688,
204,Johnstone,20,1,4.2,630,0,0,0,17,0,0,0,0,0,23,0,42,193.8,10.0,0.0,20.4,12,0.3,0.0,1.7,2.9,54975,77739,GKP
533,Aït-Nouri,20,2,4.8,2384,3,5,4,57,0,0,0,4,1,0,6,280,574.6,392.9,282.0,125.1,80,9.6,2.4,2.9,16.7,2745776,1970456,DEF
534,B.Traore,20,3,4.8,0,0,0,0,0,0,0,0,0,0,0,0,0,0.0,0.0,0.0,0.0,0,0.0,0.0,0.0,0.0,1958,6780,MID
535,Bellegarde,20,3,4.9,1278,2,6,5,24,0,0,0,3,0,0,5,250,297.4,331.5,173.0,79.6,74,0.3,5.0,2.7,15.1,52174,21458,MID
536,Bentley,20,1,3.9,0,0,0,0,0,0,0,0,0,0,0,0,0,0.0,0.0,0.0,0.0,0,1.6,0.0,0.0,0.0,109869,157006,GKP
537,Chiquinho,20,3,4.5,6,0,0,0,0,0,0,0,0,0,0,0,4,3.0,14.3,2.0,1.9,1,0.1,0.0,1.0,0.2,11572,27967,MID
538,Chirewa,20,3,4.5,0,0,0,0,0,0,0,0,0,0,0,0,0,0.0,0.0,0.0,0.0,0,0.0,0.0,0.0,0.0,1909,8903,MID
539,Chiwome,20,4,4.5,0,0,0,0,0,0,0,0,0,0,0,0,0,0.0,0.0,0.0,0.0,0,1.3,0.0,0.0,0.0,579957,488169,FWD
540,Cundle,20,3,4.5,0,0,0,0,0,0,0,0,0,0,0,0,0,0.0,0.0,0.0,0.0,0,0.2,0.0,0.0,0.0,33477,37345,MID
541,Cunha,20,4,6.9,2143,13,4,5,49,0,0,0,3,0,0,33,679,776.0,661.2,735.0,217.3,143,7.5,4.0,5.5,20.7,5603211,5134686,FWD
542,Dawson,20,2,4.3,969,0,1,1,25,2,0,0,2,0,0,1,57,204.2,31.3,55.0,29.1,17,0.1,0.0,1.1,4.0,23134,32454,DEF
543,Doherty,20,2,4.3,1607,2,1,4,34,1,0,0,5,0,0,2,216,416.8,148.6,125.0,69.1,53,0.4,2.0,2.4,12.3,52387,38082,DEF
544,Doyle,20,3,4.7,474,0,1,0,10,0,0,0,1,0,0,0,128,114.6,101.7,34.0,25.3,28,0.0,1.0,1.2,6.0,5265,7486,MID
545,Fábio Silva,20,4,5.0,0,0,0,0,0,0,0,0,0,0,0,0,0,0.0,0.0,0.0,0.0,0,0.1,0.0,0.0,0.0,7594,34058,FWD
546,Fraser,20,4,4.5,0,0,0,0,0,0,0,0,0,0,0,0,0,0.0,0.0,0.0,0.0,0,1.0,0.0,0.0,0.0,86763,532538,FWD
547,Gonzalez,20,3,4.4,0,0,0,0,0,0,0,0,0,0,0,0,0,0.0,0.0,0.0,0.0,0,0.0,0.0,0.0,0.0,11528,11852,MID
548,Guedes,20,3,5.3,756,2,4,3,19,0,0,0,1,0,0,2,172,201.0,167.5,160.0,52.6,55,0.1,0.6,2.3,10.4,28847,30896,MID
549,H.Bueno,20,2,4.5,0,0,0,0,0,0,0,0,0,0,0,0,0,0.0,0.0,0.0,0.0,0,0.0,0.0,0.0,0.0,0,1838,DEF
550,Hee Chan,20,3,6.1,625,2,1,0,17,0,0,0,0,0,0,0,121,109.8,71.4,80.0,26.0,34,0.3,0.2,1.9,5.6,48070,111860,MID
551,Hodge,20,3,4.5,0,0,0,0,0,0,0,0,0,0,0,0,0,0.0,0.0,0.0,0.0,0,0.2,0.0,0.0,0.0,17482,53504,MID
552,Hoever,20,2,4.0,0,0,0,0,0,0,0,0,0,0,0,0,0,0.0,0.0,0.0,0.0,0,0.1,0.0,0.0,0.0,3224,25626,DEF
553,J.Gomes,20,3,4.9,2249,3,1,3,52,0,0,0,7,1,0,7,360,416.4,354.3,183.0,95.4,70,0.3,2.6,2.6,14.3,184856,167744,MID
554,José Sá,20,1,4.3,1980,0,0,5,41,0,1,0,1,0,58,3,214,475.0,20.0,0.0,49.5,66,3.1,3.4,3.0,15.3,391129,294069,GKP
555,Kalajdžić,20,4,4.8,0,0,0,0,0,0,0,0,0,0,0,0,0,0.0,0.0,0.0,0.0,0,0.0,0.0,0.0,0.0,4770,11813,FWD
556,King,20,1,4.0,0,0,0,0,0,0,0,0,0,0,0,0,0,0.0,0.0,0.0,0.0,0,1.3,0.0,0.0,0.0,85747,99669,GKP
557,Mario Jr.,20,3,4.8,1363,1,3,1,39,0,0,0,4,0,0,5,252,356.8,166.7,120.0,64.4,47,0.1,0.0,2.8,9.8,105788,114016,MID
558,Mosquera,20,2,3.8,441,0,0,0,12,0,0,0,2,0,0,0,24,110.2,27.3,21.0,16.0,3,0.8,0.0,0.6,0.8,188267,169209,DEF
559,N.Semedo,20,2,4.5,2148,0,4,5,40,0,0,0,7,0,0,0,207,421.8,297.6,118.0,83.9,59,0.7,3.0,2.4,13.1,133739,69075,DEF
561,Pedro Lima,20,2,3.9,69,0,0,0,2,0,0,0,0,0,0,0,9,23.4,34.8,11.0,6.9,2,1.3,0.4,0.7,0.5,138640,161764,DEF
562,Podence,20,3,5.5,46,0,0,0,2,0,0,0,0,0,0,0,9,3.0,1.1,1.0,0.4,2,0.0,0.0,1.0,0.4,1049,5136,MID
563,R.Gomes,20,3,5.1,560,1,0,1,15,0,0,0,0,0,0,0,125,131.6,138.3,80.0,34.6,28,0.1,0.0,1.6,5.5,6525,16867,MID
564,S.Bueno,20,2,4.3,1520,0,0,4,32,0,0,0,2,0,0,2,137,285.4,13.4,80.0,37.9,41,0.1,2.0,1.9,9.5,7254,10287,DEF
565,Sarabia,20,3,5.0,557,1,1,1,11,0,0,0,2,0,0,0,93,103.4,141.2,134.0,37.7,26,0.1,1.0,1.8,5.2,11829,28003,MID
566,Strand Larsen,20,4,5.3,2067,9,2,4,46,0,0,0,3,0,0,11,384,433.8,227.9,612.0,127.1,100,2.7,3.2,3.7,18.9,1200912,950494,FWD
567,Toti,20,2,4.3,1803,0,1,5,34,0,0,0,4,0,0,5,249,415.2,96.4,33.0,54.5,53,0.2,2.4,2.4,12.3,52305,53955,DEF
637,Meupiyou,20,2,3.9,0,0,0,0,0,0,0,0,0,0,0,0,0,0.0,0.0,0.0,0.0,0,0.2,0.0,0.0,0.0,40893,27631,DEF
642,André,20,3,5.0,1747,0,0,4,37,0,0,0,4,0,0,1,318,274.4,183.6,23.0,48.0,44,0.0,2.2,1.8,8.8,7041,5290,MID
655,Forbs,20,3,5.4,235,0,0,0,9,0,0,0,2,0,0,0,32,25.8,24.1,35.0,8.3,8,0.0,0.0,0.9,1.5,3996,4036,MID
664,Pond,20,2,3.9,1,0,0,0,0,0,0,0,0,0,0,0,3,0.0,0.0,0.0,0.0,1,0.8,0.0,1.0,0.3,160546,88331,DEF
682,Edozie,20,3,4.5,0,0,0,0,0,0,0,0,0,0,0,0,0,0.0,0.0,0.0,0.0,0,0.0,0.0,0.0,0.0,3486,2423,MID
711,Okoduwa,20,2,4.0,0,0,0,0,0,0,0,0,0,0,0,0,0,0.0,0.0,0.0,0.0,0,0.0,0.0,0.0,0.0,1334,721,DEF
720,Agbadou,20,2,4.0,600,0,0,1,11,0,0,0,2,0,0,0,80,169.6,6.1,14.0,19.0,13,0.1,0.8,1.9,3.2,21324,6125,DEF
751,Pereira,20,5,0.8,0,0,0,0,0,0,0,0,0,0,0,0,0,0.0,0.0,0.0,0.0,53,5.8,6.6,0.0,66.2,69003,23768,
769,Djiga,20,2,4.5,18,0,0,0,0,0,0,0,0,0,0,0,5,3.6,1.2,0.0,0.5,2,0.0,0.4,1.0,0.4,966,360,DEF
770,Munetsi,20,3,5.0,338,1,1,2,3,0,0,0,0,0,0,2,58,83.2,40.7,96.0,22.0,20,0.2,4.0,4.0,4.0,23489,3062,MID
784,Mané,20,4,4.5,0,0,0,0,0,0,0,0,0,0,0,0,0,0.0,0.0,0.0,0.0,0,0.0,0.0,0.0,0.0,3129,787,FWD
